id,model,epochs,dataset,monitor,pooling,sampler,shuffle,backbone,fulltune,optimizer,batch_size,classifier,label_type,val_subset,train_subset,weight_decay,learning_rate,sliding_style,weight_config,freeze_backbone,training_entity,training_run_id,training_project,test_sliding_style,max_samples_per_class,run_id,f1_micro,f1_macro,precision_micro,precision_macro,recall_micro,recall_macro,mAP,acc,f1_per_class,precision_per_class,recall_per_class,mAP_per_class,positive_per_class,biting_f1_micro,biting_f1_macro,biting_precision_micro,biting_precision_macro,biting_recall_micro,biting_recall_macro,biting_mAP,biting_acc,aggression_f1_micro,aggression_f1_macro,aggression_precision_micro,aggression_precision_macro,aggression_recall_micro,aggression_recall_macro,aggression_mAP,aggression_acc,mouth not visible,feeding,charging,being charged,cturn
dinov3_attention_uniform_coralcam_frames_w_temp,,40,coralcam,val_mAP,attention,balanced,False,dinov3_large,True,adam,32,mlp,onehot,,,0.001,5e-05,frames_w_temp,weight_method='uniform',True,fish-benchmark,iuea0srn,coralcam,test_frames,1000,3hna80rk,0.4376179277896881,0.14229346811771393,0.29966452717781067,0.095136359333992,0.8109434247016907,0.295359343290329,0.18918900191783905,0.9535260796546936,"[0.46752169728279114, 0.2439456582069397, 0.0, 0.0, 0.0]","[0.3253359794616699, 0.1503458321094513, 0.0, 0.0, 0.0]","[0.8304743766784668, 0.6463223695755005, 0.0, 0.0, 0.0]","[0.5044974088668823, 0.4403989017009735, -0.0, 0.0008194337133318186, 0.00022921350318938494]","[7462, 639, 0, 42, 8]",0.44219961762428284,0.3557336926460266,0.3032805621623993,0.2378409057855606,0.8159486651420593,0.7383983731269836,0.4724481701850891,0.885955810546875,0.0,0.0,0.0,0.0,0.0,0.0,0.0005243236082606018,0.9978594779968262,"[[52799, 1265], [12851, 6197]]","[[70139, 226], [2334, 413]]","[[73112, 0], [0, 0]]","[[72825, 42], [245, 0]]","[[73086, 8], [18, 0]]"
dinov3_attention_focal_loss_coralcam_frames_w_temp,,40,coralcam,val_mAP,attention,balanced,False,dinov3_large,True,adam,32,mlp,onehot,,,0.001,5e-05,frames_w_temp,weight_method='focal_loss' focal_loss_gamma=5.0 focal_loss_alpha=0.75,True,fish-benchmark,64q4nfny,coralcam,test_frames,1000,dhnnuvwd,0.40589720010757446,0.14359384775161743,0.26583290100097656,0.09270314872264862,0.8579315543174744,0.3216511607170105,0.19292113184928894,0.9440009593963623,"[0.42244309186935425, 0.2955261468887329, 0.0, 0.0, 0.0]","[0.2785058617591858, 0.18500986695289612, 0.0, 0.0, 0.0]","[0.8742964267730713, 0.7339593172073364, 0.0, 0.0, 0.0]","[0.4824105501174927, 0.4808580279350281, -0.0, 0.0012367673916742206, 0.00010032069985754788]","[7462, 639, 0, 42, 8]",0.4106162488460541,0.3589846193790436,0.2693759500980377,0.23175786435604095,0.8632267713546753,0.8041278719902039,0.4816342890262604,0.8627106547355652,0.0,0.0,0.0,0.0,0.0,0.0,0.000668544031213969,0.9972918033599854,"[[48749, 938], [16901, 6524]]","[[70407, 170], [2066, 469]]","[[73112, 0], [0, 0]]","[[72773, 42], [297, 0]]","[[73055, 8], [49, 0]]"
dinov3_large_mean_uniform_coralcam_frames_w_temp,,40,coralcam,val_mAP,mean,balanced,False,dinov3_large,False,adam,32,mlp,onehot,,,0.001,5e-05,frames_w_temp,weight_method='uniform',False,fish-benchmark,ygxhfmcc,coralcam,test_frames,1000,ol9ptdc7,0.20657148957252502,0.07390502095222473,0.1329922378063202,0.05363994836807251,0.4623972475528717,0.19574624300003052,0.06510646641254425,0.9207982420921326,"[0.3151959776878357, 0.05432909354567528, 0.0, 0.0, 0.0]","[0.23953180015087128, 0.028667936101555824, 0.0, 0.0, 0.0]","[0.46073439717292786, 0.5179968476295471, 0.0, 0.0, 0.0]","[0.25348135828971863, 0.07042446732521057, -0.0, 0.0013617376098409295, 0.0002647751825861633]","[7462, 639, 0, 42, 8]",0.22170588374137878,0.18476253747940063,0.14552685618400574,0.13409987092018127,0.46525120735168457,0.4893656373023987,0.1619529128074646,0.8190310597419739,0.0,0.0,0.0,0.0,0.0,0.0,0.0008132563671097159,0.9829645156860352,"[[54735, 4024], [10915, 3438]]","[[61258, 308], [11215, 331]]","[[73112, 0], [0, 0]]","[[70898, 42], [2172, 0]]","[[72835, 8], [269, 0]]"
dinov3_large_mean_focal_loss_coralcam_frames_w_temp,,40,coralcam,val_mAP,mean,balanced,False,dinov3_large,False,adam,32,mlp,onehot,,,0.001,5e-05,frames_w_temp,weight_method='focal_loss' focal_loss_gamma=5.0 focal_loss_alpha=0.75,False,fish-benchmark,4e80i5tj,coralcam,test_frames,1000,lbhv0cfa,0.20534393191337585,0.07576286792755127,0.11760716885328293,0.04693290591239929,0.8084897398948669,0.32887953519821167,0.09067394584417343,0.8604743480682373,"[0.33915576338768005, 0.03965857997536659, 0.0, 0.0, 0.0]","[0.21435143053531647, 0.020313097164034843, 0.0, 0.0, 0.0]","[0.8118466734886169, 0.8325508832931519, 0.0, 0.0, 0.0]","[0.320220947265625, 0.13150285184383392, -0.0, 0.0014483412960544229, 0.0001976199564523995]","[7462, 639, 0, 42, 8]",0.2107013314962387,0.18940716981887817,0.12102402001619339,0.11733226478099823,0.8134798407554626,0.822198748588562,0.22586190700531006,0.6623468399047852,0.0,0.0,0.0,0.0,0.0,0.0,0.0008229806553572416,0.9888390302658081,"[[43446, 1404], [22204, 6058]]","[[46815, 107], [25658, 532]]","[[73112, 0], [0, 0]]","[[71676, 42], [1394, 0]]","[[72916, 8], [188, 0]]"
vjepa2_attention_uniform_coralcam_sliding_window_w_temp,,40,coralcam,val_mAP,attention,balanced,False,vjepa2,True,adam,32,mlp,onehot,,,0.001,5e-05,sliding_window_w_temp,weight_method='uniform',True,fish-benchmark,lirub1ix,coralcam,test_sliding_window,1000,cnhnty35,0.22369037568569183,0.07774759083986282,0.13414037227630615,0.051187850534915924,0.6729235649108887,0.24361252784729004,0.060267068445682526,0.8958556652069092,"[0.33101457357406616, 0.036217983812093735, 0.0, 0.02150537632405758, 0.0]","[0.21754519641399384, 0.01878621242940426, 0.0, 0.019607843831181526, 0.0]","[0.691905677318573, 0.5023474097251892, 0.0, 0.02380952425301075, 0.0]","[0.2721785604953766, 0.021780436858534813, -0.0, 0.007066818419843912, 0.00030952159431762993]","[7462, 639, 0, 42, 8]",0.22419819235801697,0.1836162805557251,0.1343459039926529,0.11816570162773132,0.6769534349441528,0.5971265435218811,0.14697949588298798,0.740446150302887,0.01666666753590107,0.01075268816202879,0.014285714365541935,0.009803921915590763,0.019999999552965164,0.011904762126505375,0.0036881701089441776,0.999193012714386,"[[47080, 2299], [18570, 5163]]","[[55707, 318], [16766, 321]]","[[73112, 0], [0, 0]]","[[73020, 41], [50, 1]]","[[73085, 8], [19, 0]]"
vjepa2_attention_focal_loss_coralcam_sliding_window_w_temp,,40,coralcam,val_mAP,attention,balanced,False,vjepa2,True,adam,32,mlp,onehot,,,0.001,5e-05,sliding_window_w_temp,weight_method='focal_loss' focal_loss_gamma=5.0 focal_loss_alpha=0.75,True,fish-benchmark,ihrk16xa,coralcam,test_sliding_window,1000,nnjabhb4,0.015459174290299416,0.02396313287317753,0.008419083431363106,0.02939494699239731,0.09438202530145645,0.2205842286348343,0.024998150765895844,0.7428986430168152,"[0.11319003999233246, 0.005076142027974129, 0.0, 0.001549482811242342, 0.0]","[0.13057439029216766, 0.015625, 0.0, 0.000775342108681798, 0.0]","[0.0998908281326294, 0.0030303029343485832, 0.0, 1.0, 0.0]","[0.11254371702671051, 0.011448550038039684, -0.0, 0.000998488161712885, -0.0]","[25648, 2310, 0, 77, 0]",0.10698148608207703,0.05913309007883072,0.12800836563110352,0.07309969514608383,0.09188783168792725,0.05146056413650513,0.061996132135391235,0.918205738067627,0.0005232862313278019,0.000774741405621171,0.00026171159697696567,0.000387671054340899,1.0,0.5,0.0004992440808564425,0.4390409588813782,"[[219469, 23086], [17059, 2562]]","[[259425, 2303], [441, 7]]","[[262176, 0], [0, 0]]","[[162865, 0], [99234, 77]]","[[67270, 0], [194906, 0]]"
vjepa2_mean_uniform_coralcam_sliding_window_w_temp,,40,coralcam,val_mAP,mean,balanced,False,vjepa2,False,adam,32,mlp,onehot,,,0.001,5e-05,sliding_window_w_temp,weight_method='uniform',False,fish-benchmark,lbp90388,coralcam,test_sliding_window,1000,u0r08iio,0.2565324008464813,0.12401304394006729,0.15805670619010925,0.08473816514015198,0.6805300116539001,0.3750440180301666,0.14169403910636902,0.912047266960144,"[0.43292656540870667, 0.04533250629901886, 0.0, 0.12030075490474701, 0.02150537632405758]","[0.3170579671859741, 0.02343958616256714, 0.0, 0.0714285746216774, 0.0117647061124444]","[0.6822567582130432, 0.6870109438896179, 0.0, 0.380952388048172, 0.125]","[0.40590423345565796, 0.041897546499967575, -0.0, 0.25625118613243103, 0.0044172159396111965]","[7462, 639, 0, 42, 8]",0.25788700580596924,0.23912954330444336,0.15897199511528015,0.17024877667427063,0.68263179063797,0.6846338510513306,0.22390088438987732,0.7823407649993896,0.09470751881599426,0.07090306282043457,0.055016182363033295,0.04159663990139961,0.3400000035762787,0.2529761791229248,0.13033419847488403,0.9977774024009705,"[[54684, 2371], [10966, 5091]]","[[54183, 200], [18290, 439]]","[[73112, 0], [0, 0]]","[[72862, 26], [208, 16]]","[[73020, 7], [84, 1]]"
vjepa2_mean_focal_loss_coralcam_sliding_window_w_temp,,40,coralcam,val_mAP,mean,balanced,False,vjepa2,False,adam,32,mlp,onehot,,,0.001,5e-05,sliding_window_w_temp,weight_method='focal_loss' focal_loss_gamma=5.0 focal_loss_alpha=0.75,False,fish-benchmark,n9b89dj2,coralcam,test_sliding_window,1000,tpgcsxkm,0.22711239755153656,0.11473281681537628,0.13045065104961395,0.07256849110126495,0.8768249154090881,0.4123893976211548,0.15161000192165375,0.8669329285621643,"[0.37640947103500366, 0.0390625, 0.0, 0.15819208323955536, 0.0]","[0.2391454130411148, 0.019993335008621216, 0.0, 0.10370370000600815, 0.0]","[0.8835433125495911, 0.8450704216957092, 0.0, 0.3333333432674408, 0.0]","[0.4541950821876526, 0.040626853704452515, -0.0, 0.26204922795295715, 0.0011788548436015844]","[7462, 639, 0, 42, 8]",0.22760413587093353,0.20773598551750183,0.1306936889886856,0.1295693814754486,0.8805086016654968,0.8643068671226501,0.24741096794605255,0.6689120531082153,0.10810811072587967,0.07909604161977768,0.06698564440011978,0.051851850003004074,0.2800000011920929,0.1666666716337204,0.13161404430866241,0.998420238494873,"[[44674, 869], [20976, 6593]]","[[46004, 99], [26469, 540]]","[[73112, 0], [0, 0]]","[[72949, 28], [121, 14]]","[[73030, 8], [74, 0]]"
resnet50_attention_uniform_coralcam_frames_w_temp,,40,coralcam,val_mAP,attention,balanced,False,resnet50,True,adam,32,mlp,onehot,,,0.001,5e-05,frames_w_temp,weight_method='uniform',True,fish-benchmark,y2mhwwa2,coralcam,test_frames,1000,0hah3haa,0.39338046312332153,0.11098147183656693,0.27983197569847107,0.07931321859359741,0.6620046496391296,0.1849784106016159,0.09682144969701767,0.9544753432273865,"[0.41557928919792175, 0.13932806253433228, 0.0, 0.0, 0.0]","[0.294761061668396, 0.10180505365133286, 0.0, 0.0, 0.0]","[0.704234778881073, 0.22065727412700653, 0.0, 0.0, 0.0]","[0.3930760324001312, 0.09000629931688309, -0.0, 0.0008393743191845715, 0.00018555880524218082]","[7462, 639, 0, 42, 8]",0.39510872960090637,0.2774536609649658,0.2808515131473541,0.19828306138515472,0.6660906076431274,0.46244603395462036,0.24154116213321686,0.8870089650154114,0.0,0.0,0.0,0.0,0.0,0.0,0.0005124665331095457,0.9991793632507324,"[[53077, 2207], [12573, 5255]]","[[71229, 498], [1244, 141]]","[[73112, 0], [0, 0]]","[[73008, 42], [62, 0]]","[[73096, 8], [8, 0]]"
resnet50_attention_focal_loss_coralcam_frames_w_temp,,40,coralcam,val_mAP,attention,balanced,False,resnet50,True,adam,32,mlp,onehot,,,0.001,5e-05,frames_w_temp,weight_method='focal_loss' focal_loss_gamma=5.0 focal_loss_alpha=0.75,True,fish-benchmark,994lum4t,coralcam,test_frames,1000,wd30fvef,0.3715784549713135,0.10902173817157745,0.2507723867893219,0.0750904530286789,0.7169672250747681,0.20185109972953796,0.0952310860157013,0.9459267854690552,"[0.38765978813171387, 0.1574489325284958, 0.0, 0.0, 0.0]","[0.25995519757270813, 0.11549707502126694, 0.0, 0.0, 0.0]","[0.7619941234588623, 0.24726134538650513, 0.0, 0.0, 0.0]","[0.37596356868743896, 0.09939266741275787, -0.0, 0.0006423889426514506, 0.00015680209617130458]","[7462, 639, 0, 42, 8]",0.37291812896728516,0.2725543677806854,0.25145217776298523,0.18772614002227783,0.7213923931121826,0.5046277046203613,0.23767811059951782,0.8655897974967957,0.0,0.0,0.0,0.0,0.0,0.0,0.00039959553396329284,0.9992272257804871,"[[49463, 1776], [16187, 5686]]","[[71263, 481], [1210, 158]]","[[73112, 0], [0, 0]]","[[73010, 42], [60, 0]]","[[73101, 8], [3, 0]]"
videomae_balanced_focal_2_coralcam_sliding_window_w_temp,,40,coralcam,val_mAP,mean,balanced,False,videomae,False,adam,32,mlp,onehot,,,0.001,5e-05,sliding_window_w_temp,weight_method='focal_loss' focal_loss_gamma=5.0 focal_loss_alpha=0.75,False,fish-benchmark,dw0ayaex,coralcam,test_sliding_window,1000,w0mref94,0.13683319091796875,0.061145856976509094,0.07461906224489212,0.034985315054655075,0.8230891823768616,0.40392807126045227,0.06723306328058243,0.7684566378593445,"[0.23909947276115417, 0.024761863052845, 0.0, 0.04186795651912689, 0.0]","[0.139918252825737, 0.01255581621080637, 0.0, 0.022452503442764282, 0.0]","[0.8212275505065918, 0.8888888955116272, 0.0, 0.3095238208770752, 0.0]","[0.19126802682876587, 0.018585853278636932, -0.0, 0.12611162662506104, 0.00019980204524472356]","[7462, 639, 0, 42, 8]",0.13786855340003967,0.1319306641817093,0.07520637661218643,0.0762370377779007,0.826564610004425,0.8550581932067871,0.1049269437789917,0.4272896349430084,0.028108108788728714,0.020933978259563446,0.01485714316368103,0.011226251721382141,0.25999999046325684,0.1547619104385376,0.06315571069717407,0.993851900100708,"[[27981, 1334], [37669, 6128]]","[[27803, 71], [44670, 568]]","[[73112, 0], [0, 0]]","[[72504, 29], [566, 13]]","[[72808, 8], [296, 0]]"
videomae_balanced_uniform_coralcam_sliding_window_w_temp,,40,coralcam,val_mAP,mean,balanced,False,videomae,False,adam,32,mlp,onehot,,,0.001,5e-05,sliding_window_w_temp,weight_method='uniform',False,fish-benchmark,y40cscqo,coralcam,test_sliding_window,1000,a6c5dc2x,0.15337620675563812,0.05321633815765381,0.13616900146007538,0.04505128040909767,0.17556127905845642,0.1491088718175888,0.06273075193166733,0.9567841291427612,"[0.1792202740907669, 0.025150354951620102, 0.0, 0.06171108037233353, 0.0]","[0.17314179241657257, 0.019327731803059578, 0.0, 0.032786883413791656, 0.0]","[0.18574108183383942, 0.03599373996257782, 0.0, 0.523809552192688, 0.0]","[0.1670485883951187, 0.014942605048418045, -0.0, 0.13146880269050598, 0.0001937659690156579]","[7462, 639, 0, 42, 8]",0.16292785108089447,0.10218531638383865,0.15323545038700104,0.0962347611784935,0.1739291399717331,0.11086741089820862,0.09099559485912323,0.9009875059127808,0.032258063554763794,0.030855540186166763,0.0167427696287632,0.016393441706895828,0.4399999976158142,0.261904776096344,0.06583128124475479,0.9909727573394775,"[[59031, 6076], [6619, 1386]]","[[71306, 616], [1167, 23]]","[[73112, 0], [0, 0]]","[[72421, 20], [649, 22]]","[[72461, 8], [643, 0]]"
videomae_random_uniform_coralcam_sliding_window_w_temp,,100,coralcam,val_mAP,mean,random,False,videomae,False,adam,32,mlp,onehot,,,0.001,5e-05,sliding_window_w_temp,weight_method='uniform',False,fish-benchmark,8vzg1q8e,coralcam,test_sliding_window,1000,brcdypo8,0.10554803907871246,0.022740524262189865,0.3482142984867096,0.06964285671710968,0.06220095604658127,0.013588850386440754,0.05514279007911682,0.9764935970306396,"[0.11370262503623962, 0.0, 0.0, 0.0, 0.0]","[0.3482142984867096, 0.0, 0.0, 0.0, 0.0]","[0.0679442510008812, 0.0, 0.0, 0.0, 0.0]","[0.2460426688194275, 0.021296977996826172, -0.0, 0.008256630972027779, 0.00011764332157326862]","[7462, 639, 0, 42, 8]",0.10610023885965347,0.05685131251811981,0.3482142984867096,0.1741071492433548,0.06258486956357956,0.0339721255004406,0.13366982340812683,0.9415759444236755,0.0,0.0,0.0,0.0,0.0,0.0,0.004187137354165316,0.9996580481529236,"[[64701, 6955], [949, 507]]","[[72473, 639], [0, 0]]","[[73112, 0], [0, 0]]","[[73070, 42], [0, 0]]","[[73104, 8], [0, 0]]"
videomae_attention_uniform_coralcam_sliding_window_w_temp,,40,coralcam,val_mAP,attention,balanced,False,videomae,True,adam,32,mlp,onehot,,,0.001,5e-05,sliding_window_w_temp,weight_method='uniform',True,fish-benchmark,hzydl27l,coralcam,test_sliding_window,1000,mttcleq3,0.27453646063804626,0.11550839245319366,0.1711191087961197,0.09098291397094727,0.6939026117324829,0.25241056084632874,0.0781610906124115,0.9182295799255371,"[0.3796693682670593, 0.03997787833213806, 0.0, 0.15789473056793213, 0.0]","[0.2573922276496887, 0.02105175517499447, 0.0, 0.1764705926179886, 0.0]","[0.7232645153999329, 0.3959311544895172, 0.0, 0.1428571492433548, 0.0]","[0.30532482266426086, 0.021537121385335922, -0.0, 0.06381585448980331, 0.00012764980783686042]","[7462, 639, 0, 42, 8]",0.2750261723995209,0.2098236232995987,0.17128479480743408,0.13922199606895447,0.69744473695755,0.5595978498458862,0.16343097388744354,0.7962920069694519,0.10256410390138626,0.07894736528396606,0.08955223858356476,0.0882352963089943,0.11999999731779099,0.0714285746216774,0.031971752643585205,0.9992819428443909,"[[50079, 2065], [15571, 5397]]","[[60708, 386], [11765, 253]]","[[73112, 0], [0, 0]]","[[73042, 36], [28, 6]]","[[73071, 8], [33, 0]]"
videomae_attention_focal_loss_coralcam_sliding_window_w_temp,,40,coralcam,val_mAP,attention,balanced,False,videomae,True,adam,32,mlp,onehot,,,0.001,5e-05,sliding_window_w_temp,weight_method='focal_loss' focal_loss_gamma=5.0 focal_loss_alpha=0.75,True,fish-benchmark,4pemw92t,coralcam,test_sliding_window,1000,sklogvql,0.2829628884792328,0.08461496233940125,0.17263175547122955,0.05383559316396713,0.7840755581855774,0.2557196021080017,0.07129164040088654,0.9113962054252625,"[0.3766217827796936, 0.04645303636789322, 0.0, 0.0, 0.0]","[0.24472099542617798, 0.024456972256302834, 0.0, 0.0, 0.0]","[0.8169391751289368, 0.4616588354110718, 0.0, 0.0, 0.0]","[0.32477664947509766, 0.02739090286195278, -0.0, 0.0037216537166386843, 0.0005690012476406991]","[7462, 639, 0, 42, 8]",0.2835844159126282,0.2115374058485031,0.1728605479001999,0.13458898663520813,0.7889149785041809,0.6392990350723267,0.1760837733745575,0.7791675925254822,0.0,0.0,0.0,0.0,0.0,0.0,0.0021453273948282003,0.9993229508399963,"[[46836, 1366], [18814, 6096]]","[[60706, 344], [11767, 295]]","[[73112, 0], [0, 0]]","[[73031, 42], [39, 0]]","[[73094, 8], [10, 0]]"
resnet_uniform_coralcam_frames_w_temp_False,,40,coralcam,val_mAP,mean,balanced,False,resnet50,False,adam,32,mlp,onehot,,,0.001,5e-05,frames_w_temp,weight_method='uniform',False,fish-benchmark,5guktkor,coralcam,test_frames,1000,8l24kfrs,0.2391880452632904,0.07888441532850266,0.15527655184268951,0.05582010746002197,0.5204269289970398,0.2038448303937912,0.06440431624650955,0.9261789917945862,"[0.3384469449520111, 0.05597512051463127, 0.0, 0.0, 0.0]","[0.24942834675312042, 0.02967219240963459, 0.0, 0.0, 0.0]","[0.5262663960456848, 0.49295774102211, 0.0, 0.0, 0.0]","[0.26908016204833984, 0.04980756714940071, -0.0, 0.002321745967492461, 0.0008120860438793898]","[7462, 639, 0, 42, 8]",0.2461913526058197,0.19721102714538574,0.16092564165592194,0.13955026865005493,0.5236390829086304,0.5096120834350586,0.15944387018680573,0.82234787940979,0.0,0.0,0.0,0.0,0.0,0.0,0.0015669160056859255,0.9930996298789978,"[[53833, 3535], [11817, 3927]]","[[62172, 324], [10301, 315]]","[[73112, 0], [0, 0]]","[[72172, 42], [898, 0]]","[[73043, 8], [61, 0]]"
resnet_random_uniform_coralcam_frames_w_temp_False,,100,coralcam,val_mAP,mean,random,False,resnet50,False,adam,32,mlp,onehot,,,0.001,5e-05,frames_w_temp,weight_method='uniform',False,fish-benchmark,gktcbpwk,coralcam,test_frames,1000,hbj82ccc,0.2794032692909241,0.059245020151138306,0.4256654977798462,0.08513309806585312,0.2079499512910843,0.04543017968535423,0.07443080097436905,0.9760832786560059,"[0.29622510075569153, 0.0, 0.0, 0.0, 0.0]","[0.4256654977798462, 0.0, 0.0, 0.0, 0.0]","[0.22715090215206146, 0.0, 0.0, 0.0, 0.0]","[0.3435961604118347, 0.028136560693383217, -0.0, 0.00035518911317922175, 6.610812124563381e-05]","[7462, 639, 0, 42, 8]",0.2805594503879547,0.14811255037784576,0.4256654977798462,0.2128327488899231,0.20923343300819397,0.11357545107603073,0.1858663558959961,0.9405500888824463,0.0,0.0,0.0,0.0,0.0,0.0,0.0002106486208504066,0.9996580481529236,"[[63363, 5767], [2287, 1695]]","[[72473, 639], [0, 0]]","[[73112, 0], [0, 0]]","[[73070, 42], [0, 0]]","[[73104, 8], [0, 0]]"
resnet_balanced_focal_coralcam_frames_w_temp_False,,40,coralcam,val_mAP,mean,balanced,False,resnet50,False,adam,32,mlp,onehot,,,0.001,5e-05,frames_w_temp,weight_method='focal_loss' focal_loss_gamma=5.0 focal_loss_alpha=0.75,False,fish-benchmark,ce3ukiml,coralcam,test_frames,1000,nlek5o6r,0.22381916642189026,0.07398173213005066,0.1300967037677765,0.04525450989603996,0.8005152940750122,0.3039562404155731,0.07262685149908066,0.8762009143829346,"[0.32519543170928955, 0.044713228940963745, 0.0, 0.0, 0.0]","[0.2031845897436142, 0.02308794856071472, 0.0, 0.0, 0.0]","[0.8139908909797668, 0.7057902812957764, 0.0, 0.0, 0.0]","[0.2946735620498657, 0.06564298272132874, -0.0, 0.0024903726298362017, 0.00032734445994719863]","[7462, 639, 0, 42, 8]",0.22684212028980255,0.18495433032512665,0.13201019167900085,0.11313626915216446,0.8054561018943787,0.7598905563354492,0.18015827238559723,0.6958159804344177,0.0,0.0,0.0,0.0,0.0,0.0,0.0014088585739955306,0.9946862459182739,"[[41830, 1388], [23820, 6074]]","[[53390, 188], [19083, 451]]","[[73112, 0], [0, 0]]","[[72387, 42], [683, 0]]","[[73060, 8], [44, 0]]"
