id,model,epochs,dataset,monitor,pooling,sampler,shuffle,backbone,fulltune,optimizer,batch_size,classifier,label_type,val_subset,train_subset,weight_decay,learning_rate,sliding_style,weight_config,freeze_backbone,training_entity,training_run_id,training_project,test_sliding_style,max_samples_per_class,run_id,f1_micro,f1_macro,precision_micro,precision_macro,recall_micro,recall_macro,acc,mAP,f1_per_class,precision_per_class,recall_per_class,positive_per_class,ap_per_class,biting_f1_micro,biting_f1_macro,biting_precision_micro,biting_precision_macro,biting_recall_micro,biting_recall_macro,biting_acc,biting_mAP,aggression_f1_micro,aggression_f1_macro,aggression_precision_micro,aggression_precision_macro,aggression_recall_micro,aggression_recall_macro,aggression_acc,aggression_mAP,mouth not visible,feeding,charging,being charged,cturn,aggregator,loss_weighted,weight_method
dinov3_attention_uniform_coralcam_frames_w_temp,,40,coralcam,val_mAP,attention,balanced,False,dinov3_large,True,adam,32,mlp,onehot,,,0.001,5e-05,frames_w_temp,weight_method='uniform',True,fish-benchmark,iuea0srn,coralcam,test_frames,1000,3hna80rk,0.999999995,0.32497599720954895,1.0,0.22425471246242523,1.0,0.6003194451332092,0.937561571598053,0.3152385950088501,"[0.5855070486575243, 0.389420963003556, 0.0]","[0.4175766408443451, 0.2551874816417694, 0.0]","[0.9793621301651001, 0.8215962648391724, 0.0]","[7462, 639, 42]","[tensor(0.5045), tensor(0.4404), tensor(0.0008)]",0.999999995,0.4874640107154846,1.0,0.33638206124305725,1.0,0.9004791975021362,0.9083050489425659,0.4724481701850891,0.0,0.0,0.0,0.0,0.0,0.0,0.9960744976997375,0.0008194337133318186,"[[52799, 1265], [12851, 6197]]","[[70139, 226], [2334, 413]]","[[73112, 0], [0, 0]]","[[72825, 42], [245, 0]]","[[73086, 8], [18, 0]]",,,
dinov3_attention_focal_loss_coralcam_frames_w_temp,,40,coralcam,val_mAP,attention,balanced,False,dinov3_large,True,adam,32,mlp,onehot,,,0.001,5e-05,frames_w_temp,weight_method='focal_loss' focal_loss_gamma=5.0 focal_loss_alpha=0.75,True,fish-benchmark,64q4nfny,coralcam,test_frames,1000,dhnnuvwd,0.999999995,0.329174667596817,1.0,0.22334416210651398,1.0,0.6672092080116272,0.9218049049377441,0.32150179147720337,"[0.5344127687017164, 0.446532395740522, 0.006578947221052678]","[0.3672572076320648, 0.29940828680992126, 0.003367003286257386]","[0.9808362126350403, 0.8779342770576477, 0.1428571492433548]","[7462, 639, 42]","[tensor(0.4824), tensor(0.4809), tensor(0.0012)]",0.999999995,0.49047255516052246,1.0,0.33333274722099304,1.0,0.929385244846344,0.8849778175354004,0.4816342890262604,0.999999995,0.00657894741743803,1.0,0.003367003286257386,1.0,0.1428571492433548,0.9954590201377869,0.0012367673916742206,"[[48749, 938], [16901, 6524]]","[[70407, 170], [2066, 469]]","[[73112, 0], [0, 0]]","[[72773, 42], [297, 0]]","[[73055, 8], [49, 0]]",,,
dinov3_large_mean_uniform_coralcam_frames_w_temp,,40,coralcam,val_mAP,mean,balanced,False,dinov3_large,False,adam,32,mlp,onehot,,,0.001,5e-05,frames_w_temp,weight_method='uniform',False,fish-benchmark,ygxhfmcc,coralcam,test_frames,1000,ol9ptdc7,0.999999995,0.23761619627475739,1.0,0.1634698212146759,1.0,0.5112321972846985,0.8909435868263245,0.10842251777648926,"[0.4438487848840693, 0.26808199214251904, 0.0009178522420062886]","[0.323138028383255, 0.1668110191822052, 0.0004604051646310836]","[0.7085232138633728, 0.6823161244392395, 0.1428571492433548]","[7462, 639, 42]","[tensor(0.2535), tensor(0.0704), tensor(0.0014)]",0.999999995,0.35596537590026855,1.0,0.2449745237827301,1.0,0.6954196691513062,0.851508617401123,0.1619529128074646,0.999999995,0.0009178522159345448,1.0,0.0004604051646310836,1.0,0.1428571492433548,0.9698134660720825,0.0013617376098409295,"[[54735, 4024], [10915, 3438]]","[[61258, 308], [11215, 331]]","[[73112, 0], [0, 0]]","[[70898, 42], [2172, 0]]","[[72835, 8], [269, 0]]",,,
dinov3_large_mean_focal_loss_coralcam_frames_w_temp,,40,coralcam,val_mAP,mean,balanced,False,dinov3_large,False,adam,32,mlp,onehot,,,0.001,5e-05,frames_w_temp,weight_method='focal_loss' focal_loss_gamma=5.0 focal_loss_alpha=0.75,False,fish-benchmark,4e80i5tj,coralcam,test_frames,1000,lbhv0cfa,0.999999995,0.23011143505573273,1.0,0.14416146278381348,1.0,0.6844727396965027,0.7983322143554688,0.1510573774576187,"[0.45872004188145554, 0.23018675227428523, 0.001427551757172316]","[0.30068644881248474, 0.13108056783676147, 0.0007173601188696921]","[0.9668989777565002, 0.9436619877815247, 0.1428571492433548]","[7462, 639, 42]","[tensor(0.3202), tensor(0.1315), tensor(0.0014)]",0.999999995,0.3444533944129944,1.0,0.2158835083246231,1.0,0.9552804827690125,0.7072710394859314,0.22586190700531006,0.999999995,0.001427551731467247,1.0,0.0007173601188696921,1.0,0.1428571492433548,0.9804546236991882,0.0014483412960544229,"[[43446, 1404], [22204, 6058]]","[[46815, 107], [25658, 532]]","[[73112, 0], [0, 0]]","[[71676, 42], [1394, 0]]","[[72916, 8], [188, 0]]",,,
vjepa2_attention_uniform_coralcam_sliding_window_w_temp,,40,coralcam,val_mAP,attention,balanced,False,vjepa2,True,adam,32,mlp,onehot,,,0.001,5e-05,sliding_window_w_temp,weight_method='uniform',True,fish-benchmark,lirub1ix,coralcam,test_sliding_window,1000,cnhnty35,0.999999995,0.24127338826656342,1.0,0.14983028173446655,1.0,0.7590729594230652,0.8552084565162659,0.10034193843603134,"[0.46105311138612104, 0.22559233937749398, 0.03717472248287085]","[0.30177390575408936, 0.12810908257961273, 0.019607843831181526]","[0.9764138460159302, 0.9436619877815247, 0.3571428656578064]","[7462, 639, 42]","[tensor(0.2722), tensor(0.0218), tensor(0.0071)]",0.999999995,0.3433227241039276,1.0,0.21494150161743164,1.0,0.9600379467010498,0.783339262008667,0.14697949588298798,0.999999995,0.03717472404241562,1.0,0.019607843831181526,1.0,0.3571428656578064,0.9989468455314636,0.007066818419843912,"[[47080, 2299], [18570, 5163]]","[[55707, 318], [16766, 321]]","[[73112, 0], [0, 0]]","[[73020, 41], [50, 1]]","[[73085, 8], [19, 0]]",,,
vjepa2_attention_focal_loss_coralcam_sliding_window_w_temp,,40,coralcam,val_mAP,attention,balanced,False,vjepa2,True,adam,32,mlp,onehot,,,0.001,5e-05,sliding_window_w_temp,weight_method='focal_loss' focal_loss_gamma=5.0 focal_loss_alpha=0.75,True,fish-benchmark,ihrk16xa,coralcam,test_sliding_window,1000,nnjabhb4,0.999999995,0.09749937802553177,1.0,0.10598333925008774,1.0,0.45450231432914734,0.8294122815132141,0.04166358336806297,"[0.2590606971812864, 0.030541663173337848, 0.0028957820147821095]","[0.20712502300739288, 0.109375, 0.0014499904355034232]","[0.34575796127319336, 0.017748918384313583, 1.0]","[25648, 2310, 77]","[tensor(0.1125), tensor(0.0114), tensor(0.0010)]",0.999999995,0.14480118453502655,1.0,0.15825000405311584,1.0,0.18175344169139862,0.9332414269447327,0.061996132135391235,0.999999995,0.0028957820031791925,1.0,0.0014499904355034232,1.0,1.0,0.6217541098594666,0.000998488161712885,"[[219469, 23086], [17059, 2562]]","[[259425, 2303], [441, 7]]","[[262176, 0], [0, 0]]","[[162865, 0], [99234, 77]]","[[67270, 0], [194906, 0]]",,,
vjepa2_mean_uniform_coralcam_sliding_window_w_temp,,40,coralcam,val_mAP,mean,balanced,False,vjepa2,False,adam,32,mlp,onehot,,,0.001,5e-05,sliding_window_w_temp,weight_method='uniform',False,fish-benchmark,lbp90388,coralcam,test_sliding_window,1000,u0r08iio,0.999999995,0.352122038602829,1.0,0.2389441579580307,1.0,0.8112233281135559,0.8819528222084045,0.2346843034029007,"[0.5719783657758482, 0.29805227610603613, 0.18633540591580655]","[0.42959457635879517, 0.18009504675865173, 0.1071428582072258]","[0.8555347323417664, 0.8638497591018677, 0.7142857313156128]","[7462, 639, 42]","[tensor(0.4059), tensor(0.0419), tensor(0.2563)]",0.999999995,0.43501532077789307,1.0,0.30484479665756226,1.0,0.8596922159194946,0.824379026889801,0.22390088438987732,0.999999995,0.18633539974689484,1.0,0.1071428582072258,1.0,0.7142857313156128,0.9971003532409668,0.25625118613243103,"[[54684, 2371], [10966, 5091]]","[[54183, 200], [18290, 439]]","[[73112, 0], [0, 0]]","[[72862, 26], [208, 16]]","[[73020, 7], [84, 1]]",,,
vjepa2_mean_focal_loss_coralcam_sliding_window_w_temp,,40,coralcam,val_mAP,mean,balanced,False,vjepa2,False,adam,32,mlp,onehot,,,0.001,5e-05,sliding_window_w_temp,weight_method='focal_loss' focal_loss_gamma=5.0 focal_loss_alpha=0.75,False,fish-benchmark,n9b89dj2,coralcam,test_sliding_window,1000,tpgcsxkm,0.999999995,0.35621246695518494,1.0,0.22904352843761444,1.0,0.8728652000427246,0.8117135167121887,0.25229039788246155,"[0.5125384323340834, 0.26198129459744907, 0.29411764084570946]","[0.3499220013618469, 0.15202340483665466, 0.18518517911434174]","[0.9575181007385254, 0.9467918872833252, 0.7142857313156128]","[7462, 639, 42]","[tensor(0.4542), tensor(0.0406), tensor(0.2620)]",0.999999995,0.3872598707675934,1.0,0.2509726881980896,1.0,0.9521549940109253,0.7184046506881714,0.24741096794605255,0.999999995,0.29411762952804565,1.0,0.18518517911434174,1.0,0.7142857313156128,0.9983313083648682,0.26204922795295715,"[[44674, 869], [20976, 6593]]","[[46004, 99], [26469, 540]]","[[73112, 0], [0, 0]]","[[72949, 28], [121, 14]]","[[73030, 8], [74, 0]]",,,
resnet50_attention_uniform_coralcam_frames_w_temp,,40,coralcam,val_mAP,attention,balanced,False,resnet50,True,adam,32,mlp,onehot,,,0.001,5e-05,frames_w_temp,weight_method='uniform',True,fish-benchmark,y2mhwwa2,coralcam,test_frames,1000,0hah3haa,0.999999995,0.28527599573135376,1.0,0.20296461880207062,1.0,0.4837094247341156,0.9418928027153015,0.161307230591774,"[0.5464343391808512, 0.3093936490406985, 0.0]","[0.37929099798202515, 0.2296028882265091, 0.0]","[0.9769498705863953, 0.47417840361595154, 0.0]","[7462, 639, 42]","[tensor(0.3931), tensor(0.0900), tensor(0.0008)]",0.999999995,0.42791399359703064,1.0,0.3044469356536865,1.0,0.7255641222000122,0.9135504364967346,0.24154116213321686,0.0,0.0,0.0,0.0,0.0,0.0,0.9985775351524353,0.0008393743191845715,"[[53077, 2207], [12573, 5255]]","[[71229, 498], [1244, 141]]","[[73112, 0], [0, 0]]","[[73008, 42], [62, 0]]","[[73096, 8], [8, 0]]",,,
resnet50_attention_focal_loss_coralcam_frames_w_temp,,40,coralcam,val_mAP,attention,balanced,False,resnet50,True,adam,32,mlp,onehot,,,0.001,5e-05,frames_w_temp,weight_method='focal_loss' focal_loss_gamma=5.0 focal_loss_alpha=0.75,True,fish-benchmark,994lum4t,coralcam,test_frames,1000,wd30fvef,0.999999995,0.28585734963417053,1.0,0.20416171848773956,1.0,0.49464669823646545,0.9270480275154114,0.1586662083864212,"[0.5036608812884665, 0.3539112192063532, 0.0]","[0.33836236596107483, 0.27412280440330505, 0.0]","[0.9847226142883301, 0.49921754002571106, 0.0]","[7462, 639, 42]","[tensor(0.3760), tensor(0.0994), tensor(0.0006)]",0.999999995,0.428786039352417,1.0,0.30624258518218994,1.0,0.7419700622558594,0.8912695646286011,0.23767811059951782,0.0,0.0,0.0,0.0,0.0,0.0,0.9986048936843872,0.0006423889426514506,"[[49463, 1776], [16187, 5686]]","[[71263, 481], [1210, 158]]","[[73112, 0], [0, 0]]","[[73010, 42], [60, 0]]","[[73101, 8], [3, 0]]",,,
videomae_balanced_focal_2_coralcam_sliding_window_w_temp,,40,coralcam,val_mAP,mean,balanced,False,videomae,False,adam,32,mlp,onehot,,,0.001,5e-05,sliding_window_w_temp,weight_method='focal_loss' focal_loss_gamma=5.0 focal_loss_alpha=0.75,False,fish-benchmark,dw0ayaex,coralcam,test_sliding_window,1000,w0mref94,0.999999995,0.19289076328277588,1.0,0.11224037408828735,1.0,0.8718768954277039,0.6494693160057068,0.11198850721120834,"[0.3350754496663246, 0.17456337803876018, 0.06903353068649035]","[0.20460306107997894, 0.09584861993789673, 0.036269430071115494]","[0.9248191118240356, 0.9765258431434631, 0.7142857313156128]","[7462, 639, 42]","[tensor(0.1913), tensor(0.0186), tensor(0.1261)]",0.999999995,0.254819393157959,1.0,0.15022584795951843,1.0,0.9506725072860718,0.47810208797454834,0.1049269437789917,0.999999995,0.06903353333473206,1.0,0.036269430071115494,1.0,0.7142857313156128,0.9922037124633789,0.12611162662506104,"[[27981, 1334], [37669, 6128]]","[[27803, 71], [44670, 568]]","[[73112, 0], [0, 0]]","[[72504, 29], [566, 13]]","[[72808, 8], [296, 0]]",,,
videomae_balanced_uniform_coralcam_sliding_window_w_temp,,40,coralcam,val_mAP,mean,balanced,False,videomae,False,adam,32,mlp,onehot,,,0.001,5e-05,sliding_window_w_temp,weight_method='uniform',False,fish-benchmark,y40cscqo,coralcam,test_sliding_window,1000,a6c5dc2x,0.999999995,0.14125382900238037,1.0,0.14584492146968842,1.0,0.4090251922607422,0.936832070350647,0.10448666661977768,"[0.24985986338256738, 0.08869342892913963, 0.08520816060819304]","[0.24072454869747162, 0.1521008461713791, 0.04470938816666603]","[0.25971588492393494, 0.06259781122207642, 0.9047619104385376]","[7462, 639, 42]","[tensor(0.1670), tensor(0.0149), tensor(0.1315)]",0.999999995,0.1692766547203064,1.0,0.19641269743442535,1.0,0.16115684807300568,0.9096591472625732,0.09099559485912323,0.999999995,0.08520816266536713,1.0,0.04470938816666603,1.0,0.9047619104385376,0.9911779165267944,0.13146880269050598,"[[59031, 6076], [6619, 1386]]","[[71306, 616], [1167, 23]]","[[73112, 0], [0, 0]]","[[72421, 20], [649, 22]]","[[72461, 8], [643, 0]]",,,
videomae_random_uniform_coralcam_sliding_window_w_temp,,100,coralcam,val_mAP,mean,random,False,videomae,False,adam,32,mlp,onehot,,,0.001,5e-05,sliding_window_w_temp,weight_method='uniform',False,fish-benchmark,8vzg1q8e,coralcam,test_sliding_window,1000,brcdypo8,0.999999995,0.06933049112558365,1.0,0.14537546038627625,1.0,0.045519519597291946,0.9637770652770996,0.0918654277920723,"[0.20799147016010427, 0.0, 0.0]","[0.43612638115882874, 0.0, 0.0]","[0.13655856251716614, 0.0, 0.0]","[7462, 639, 42]","[tensor(0.2460), tensor(0.0213), tensor(0.0083)]",0.999999995,0.10399573296308517,1.0,0.21806319057941437,1.0,0.06827928125858307,0.9459527730941772,0.13366982340812683,0.0,0.0,0.0,0.0,0.0,0.0,0.9994255304336548,0.008256630972027779,"[[64701, 6955], [949, 507]]","[[72473, 639], [0, 0]]","[[73112, 0], [0, 0]]","[[73070, 42], [0, 0]]","[[73104, 8], [0, 0]]",,,
videomae_attention_uniform_coralcam_sliding_window_w_temp,,40,coralcam,val_mAP,attention,balanced,False,videomae,True,adam,32,mlp,onehot,,,0.001,5e-05,sliding_window_w_temp,weight_method='uniform',True,fish-benchmark,hzydl27l,coralcam,test_sliding_window,1000,mttcleq3,0.999999995,0.3620106279850006,1.0,0.29572632908821106,1.0,0.7005773186683655,0.8899359703063965,0.13022594153881073,"[0.5183095979774044, 0.256852763792423, 0.31086957753211647]","[0.354301780462265, 0.15052421391010284, 0.38235294818878174]","[0.9650228023529053, 0.8748043775558472, 0.261904776096344]","[7462, 639, 42]","[tensor(0.3053), tensor(0.0215), tensor(0.0638)]",0.999999995,0.3875811696052551,1.0,0.2524130046367645,1.0,0.9199135899543762,0.8352596163749695,0.16343097388744354,0.999999995,0.31086957454681396,1.0,0.38235294818878174,1.0,0.261904776096344,0.9992887377738953,0.06381585448980331,"[[50079, 2065], [15571, 5397]]","[[60708, 386], [11765, 253]]","[[73112, 0], [0, 0]]","[[73042, 36], [28, 6]]","[[73071, 8], [33, 0]]",,,
videomae_attention_focal_loss_coralcam_sliding_window_w_temp,,40,coralcam,val_mAP,attention,balanced,False,videomae,True,adam,32,mlp,onehot,,,0.001,5e-05,sliding_window_w_temp,weight_method='focal_loss' focal_loss_gamma=5.0 focal_loss_alpha=0.75,True,fish-benchmark,4pemw92t,coralcam,test_sliding_window,1000,sklogvql,0.999999995,0.2884065508842468,1.0,0.19708426296710968,1.0,0.625727117061615,0.8779042363166809,0.11862973123788834,"[0.5061897530686976, 0.28495580689813965, 0.07407407711971607]","[0.3426334857940674, 0.1716962307691574, 0.07692307978868484]","[0.9685071110725403, 0.8372457027435303, 0.0714285746216774]","[7462, 639, 42]","[tensor(0.3248), tensor(0.0274), tensor(0.0037)]",0.999999995,0.3955727815628052,1.0,0.257164865732193,1.0,0.9028763771057129,0.8173692226409912,0.1760837733745575,0.999999995,0.07407407462596893,1.0,0.07692307978868484,1.0,0.0714285746216774,0.9989742040634155,0.0037216537166386843,"[[46836, 1366], [18814, 6096]]","[[60706, 344], [11767, 295]]","[[73112, 0], [0, 0]]","[[73031, 42], [39, 0]]","[[73094, 8], [10, 0]]",,,
resnet_uniform_coralcam_frames_w_temp_False,,40,coralcam,val_mAP,mean,balanced,False,resnet50,False,adam,32,mlp,onehot,,,0.001,5e-05,frames_w_temp,weight_method='uniform',False,fish-benchmark,5guktkor,coralcam,test_frames,1000,8l24kfrs,0.999999995,0.2498856782913208,1.0,0.1673344224691391,1.0,0.5212084650993347,0.9012519717216492,0.10706982761621475,"[0.47862378134855393, 0.27103328832807, 0.0]","[0.33555638790130615, 0.16644687950611115, 0.0]","[0.8343607783317566, 0.729264497756958, 0.0]","[7462, 639, 42]","[tensor(0.2691), tensor(0.0498), tensor(0.0023)]",0.999999995,0.3748285174369812,1.0,0.25100162625312805,1.0,0.7818126678466797,0.8583064079284668,0.15944387018680573,0.0,0.0,0.0,0.0,0.0,0.0,0.9871430397033691,0.002321745967492461,"[[53833, 3535], [11817, 3927]]","[[62172, 324], [10301, 315]]","[[73112, 0], [0, 0]]","[[72172, 42], [898, 0]]","[[73043, 8], [61, 0]]",,,
resnet_random_uniform_coralcam_frames_w_temp_False,,100,coralcam,val_mAP,mean,random,False,resnet50,False,adam,32,mlp,onehot,,,0.001,5e-05,frames_w_temp,weight_method='uniform',False,fish-benchmark,gktcbpwk,coralcam,test_frames,1000,hbj82ccc,0.999999995,0.1726943850517273,1.0,0.1666666716337204,1.0,0.1791744828224182,0.9720839262008667,0.12402930110692978,"[0.5180831809260256, 0.0, 0.0]","[0.5, 0.0, 0.0]","[0.5375234484672546, 0.0, 0.0]","[7462, 639, 42]","[tensor(0.3436), tensor(0.0281), tensor(0.0004)]",0.999999995,0.25904157757759094,1.0,0.25,1.0,0.2687617242336273,0.9584131240844727,0.1858663558959961,0.0,0.0,0.0,0.0,0.0,0.0,0.9994255304336548,0.00035518911317922175,"[[63363, 5767], [2287, 1695]]","[[72473, 639], [0, 0]]","[[73112, 0], [0, 0]]","[[73070, 42], [0, 0]]","[[73104, 8], [0, 0]]",,,
resnet_balanced_focal_coralcam_frames_w_temp_False,,40,coralcam,val_mAP,mean,balanced,False,resnet50,False,adam,32,mlp,onehot,,,0.001,5e-05,frames_w_temp,weight_method='focal_loss' focal_loss_gamma=5.0 focal_loss_alpha=0.75,False,fish-benchmark,ce3ukiml,coralcam,test_frames,1000,nlek5o6r,0.999999995,0.22481109201908112,1.0,0.13972119987010956,1.0,0.6249579787254333,0.8209505081176758,0.12093564122915268,"[0.4410827551266027, 0.23335055287493475, 0.0]","[0.28514084219932556, 0.13402272760868073, 0.0]","[0.9734655618667603, 0.9014084339141846, 0.0]","[7462, 639, 42]","[tensor(0.2947), tensor(0.0656), tensor(0.0025)]",0.999999995,0.33721664547920227,1.0,0.20958179235458374,1.0,0.9374369978904724,0.7363839149475098,0.18015827238559723,0.0,0.0,0.0,0.0,0.0,0.0,0.9900836944580078,0.0024903726298362017,"[[41830, 1388], [23820, 6074]]","[[53390, 188], [19083, 451]]","[[73112, 0], [0, 0]]","[[72387, 42], [683, 0]]","[[73060, 8], [44, 0]]",,,
,,40,coralcam,val_mAP,mean,balanced,False,resnet50,True,adam,32,mlp,,,,0.001,5e-05,frames,,,fish-benchmark,44pj8qht,coralcam,test_frames,1000,an1iwm91,0.999999995,0.3578263819217682,1.0,0.3034307062625885,1.0,0.4463285207748413,0.9693711996078491,0.24281643331050873,"[0.6504008656029454, 0.42307825421216594, 0.0]","[0.5140657424926758, 0.3962264060974121, 0.0]","[0.8851514458656311, 0.4538341164588928, 0.0]","[7462, 639, 42]","[tensor(0.4870), tensor(0.2408), tensor(0.0006)]",0.999999995,0.5367395877838135,1.0,0.45514607429504395,1.0,0.669492781162262,0.9545970559120178,0.3639034628868103,0.0,0.0,0.0,0.0,0.0,0.0,0.9989194869995117,0.0006423795130103827,"[[59675, 2915], [5975, 4547]]","[[72117, 465], [356, 174]]","[[73112, 0], [0, 0]]","[[73033, 42], [37, 0]]","[[73104, 8], [0, 0]]",,False,uniform
