model,epochs,dataset,monitor,pooling,sampler,shuffle,backbone,fulltune,optimizer,aggregator,batch_size,classifier,weight_decay,learning_rate,sliding_style,weight_config,training_entity,training_run_id,training_project,test_sliding_style,max_samples_per_class,run_id,f1_micro,f1_macro,precision_micro,precision_macro,recall_micro,recall_macro,mAP,acc,f1_per_class,precision_per_class,recall_per_class,mAP_per_class,positive_per_class,biting_f1_micro,biting_f1_macro,biting_precision_micro,biting_precision_macro,biting_recall_micro,biting_recall_macro,biting_mAP,biting_acc,aggression_f1_micro,aggression_f1_macro,aggression_precision_micro,aggression_precision_macro,aggression_recall_micro,aggression_recall_macro,aggression_mAP,aggression_acc,mouth not visible,feeding,charging,being charged,cturn,id,label_type,val_subset,train_subset
,40,coralcam,val_mAP,mean,balanced,False,videomae,False,adam,,32,mlp,0.001,5e-05,sliding_window_w_stride,"{'weight_method': 'focal_loss', 'focal_loss_alpha': 0.5, 'focal_loss_gamma': 1}",fish-benchmark,ki4frf65,coralcam,test_sliding_window,1000,yhaany2p,0.20207083225250244,0.07979389280080795,0.16692447662353516,0.0723971426486969,0.25596484541893005,0.11580721288919449,0.07721066474914551,0.9207352995872498,"[0.2395491749048233, 0.15942029654979706, 0.0, 0.0, 0.0]","[0.2593167722225189, 0.10266892611980438, 0.0, 0.0, 0.0]","[0.2225818783044815, 0.35645419359207153, 0.0, 0.0, 0.0]","[0.22397878766059875, 0.09804102033376694, -0.0, 0.06366527080535889, 0.00036824436392635107]","[10504, 3734, 0, 63, 33]",0.2026064395904541,0.19948473572731018,0.16692447662353516,0.18099284172058105,0.2576906979084015,0.2895180284976959,0.16100990772247314,0.8024948239326477,0.0,0.0,0.0,0.0,0.0,0.0,0.03201675787568092,0.9993434548377991,"[[55930, 8166], [6678, 2338]]","[[57745, 2403], [11633, 1331]]","[[73112, 0], [0, 0]]","[[73049, 63], [0, 0]]","[[73079, 33], [0, 0]]",,,,
,40,coralcam,val_mAP,mean,balanced,False,videomae,False,adam,,32,mlp,0.001,5e-05,sliding_window_w_temp,"{'weight_method': 'focal_loss', 'focal_loss_alpha': 0.5, 'focal_loss_gamma': 1}",fish-benchmark,my6ryax1,coralcam,test_sliding_window,1000,63rak9f7,0.20058752596378326,0.08904006332159042,0.18493875861167908,0.08029909431934357,0.21912933886051178,0.17283061146736145,0.1012994796037674,0.9315133094787598,"[0.24378745257854462, 0.13681699335575104, 0.0, 0.06228373572230339, 0.0023121386766433716]","[0.25177520513534546, 0.11493624746799469, 0.0, 0.033582091331481934, 0.0012019231216982007]","[0.23629093170166016, 0.1689876765012741, 0.0, 0.4285714328289032, 0.03030303120613098]","[0.23208686709403992, 0.09833750128746033, -0.0, 0.17509040236473083, 0.0009825752349570394]","[10504, 3734, 0, 63, 33]",0.2104373723268509,0.19030222296714783,0.20282773673534393,0.18335571885108948,0.2186402529478073,0.20263931155204773,0.16521218419075012,0.8402451276779175,0.032332561910152435,0.03229793906211853,0.01711491495370865,0.017392007634043694,0.2916666567325592,0.2294372320175171,0.08803649246692657,0.9885381460189819,"[[55232, 8022], [7376, 2482]]","[[64519, 3103], [4859, 631]]","[[73112, 0], [0, 0]]","[[72272, 36], [777, 27]]","[[72248, 32], [831, 1]]",videomae_balanced_focal_coralcam_sliding_window_w_temp,onehot,,
,40,coralcam,val_mAP,mean,balanced,False,resnet50,True,adam,,32,mlp,0.001,5e-05,frames,"{'weight_method': 'focal_loss', 'focal_loss_alpha': 0.5, 'focal_loss_gamma': 1}",fish-benchmark,4ppn5r9g,coralcam,test_frames,1000,hrpp4opa,0.46104514598846436,0.1275714486837387,0.491455078125,0.18139389157295227,0.43417930603027344,0.12628550827503204,0.13578474521636963,0.9613770842552185,"[0.5304391384124756, 0.10741811245679855, 0.0, 0.0, 0.0]","[0.49628809094429016, 0.4106813967227936, 0.0, 0.0, 0.0]","[0.5696375966072083, 0.061789970844984055, 0.0, 0.0, 0.0]","[0.5291643142700195, 0.148013636469841, -0.0, 0.0013718081172555685, 0.0003739668754860759]","[10210, 3609, 0, 62, 28]",0.4630957543849945,0.31892862915992737,0.49249714612960815,0.45348474383354187,0.43700700998306274,0.3157137930393219,0.33858898282051086,0.9042359590530396,0.0,0.0,0.0,0.0,0.0,0.0,0.0008728874963708222,0.9992067217826843,"[[56999, 4394], [5903, 5816]]","[[69183, 3386], [320, 223]]","[[73112, 0], [0, 0]]","[[73028, 62], [22, 0]]","[[73080, 28], [4, 0]]",,,,
,40,coralcam,val_mAP,mean,balanced,False,dino_large,False,adam,,32,mlp,0.001,5e-05,frames,"{'weight_method': 'focal_loss', 'focal_loss_alpha': 0.5, 'focal_loss_gamma': 1}",fish-benchmark,jm0btnvo,coralcam,test_frames,1000,5ioxmnru,0.36721277236938477,0.12823916971683502,0.29603350162506104,0.10493485629558563,0.48345664143562317,0.17225176095962524,0.09941349923610687,0.9347029328346252,"[0.43888059258461, 0.19619905948638916, 0.0, 0.006116208154708147, 0.0]","[0.35501912236213684, 0.1663871854543686, 0.0, 0.003267973894253373, 0.0]","[0.5746140480041504, 0.23902569711208344, 0.0, 0.0476190485060215, 0.0]","[0.3550417423248291, 0.13744693994522095, -0.0, 0.0037451835814863443, 0.000833587720990181]","[10494, 3736, 0, 63, 33]",0.378492146730423,0.3175398111343384,0.30972620844841003,0.2607031464576721,0.486507385969162,0.4068198800086975,0.24624434113502502,0.8445125222206116,0.005263158120214939,0.0030581040773540735,0.0028735632076859474,0.0016339869471266866,0.03125,0.02380952425301075,0.002289385534822941,0.9922447800636292,"[[51663, 4464], [10955, 6030]]","[[64902, 2843], [4474, 893]]","[[73112, 0], [0, 0]]","[[72134, 60], [915, 3]]","[[72953, 33], [126, 0]]",,,,
,100,coralcam,val_mAP,mean,random,False,resnet50,True,adam,,32,mlp,0.001,5e-05,frames,{'weight_method': 'inverse'},fish-benchmark,8q7742l5,coralcam,test_frames,1000,mo4vqmr9,0.308553546667099,0.10439740121364594,0.45355647802352905,0.17724090814590454,0.23380544781684875,0.0748807042837143,0.12358202040195465,0.9601296782493591,"[0.3892492949962616, 0.13273771107196808, 0.0, 0.0, 0.0]","[0.6004902124404907, 0.2857142984867096, 0.0, 0.0, 0.0]","[0.2879529893398285, 0.08645053952932358, 0.0, 0.0, 0.0]","[0.48944908380508423, 0.12751077115535736, -0.0, 0.0006800484261475503, 0.00027017781394533813]","[10210, 3609, 0, 62, 28]",0.32836875319480896,0.26099351048469543,0.5430861711502075,0.44310224056243896,0.23532816767692566,0.18720176815986633,0.3084799349308014,0.9090231657028198,0.0,0.0,0.0,0.0,0.0,0.0,0.000475113105494529,0.9913010001182556,"[[60946, 7270], [1956, 2940]]","[[68723, 3297], [780, 312]]","[[73112, 0], [0, 0]]","[[72461, 62], [589, 0]]","[[72491, 28], [593, 0]]",,,,
,100,coralcam,val_mAP,mean,random,False,dino_large,False,adam,,32,mlp,0.001,5e-05,frames,{'weight_method': 'inverse'},fish-benchmark,4vtyak8i,coralcam,test_frames,1000,tukhwuhk,0.0950038954615593,0.02607099339365959,0.3374520540237427,0.14955732226371765,0.05528409779071808,0.015197763219475746,0.09509997814893723,0.9587236046791077,"[0.12875325977802277, 0.0016017084708437324, 0.0, 0.0, 0.0]","[0.4477865993976593, 0.30000001192092896, 0.0, 0.0, 0.0]","[0.07518582046031952, 0.0008029978489503264, 0.0, 0.0, 0.0]","[0.3468377888202667, 0.12256389856338501, -0.0, 0.004950682632625103, 0.0011475305072963238]","[10494, 3736, 0, 63, 33]",0.0989876240491867,0.06517748534679413,0.44695258140563965,0.3738933205604553,0.05565706267952919,0.03799441084265709,0.23470084369182587,0.9013978838920593,0.0,0.0,0.0,0.0,0.0,0.0,0.0030491065699607134,0.9954111576080322,"[[61645, 9705], [973, 789]]","[[69369, 3733], [7, 3]]","[[73112, 0], [0, 0]]","[[72780, 63], [269, 0]]","[[72773, 33], [306, 0]]",,,,
,100,coralcam,val_mAP,mean,random,False,videomae,False,adam,,32,mlp,0.001,5e-05,sliding_window_w_stride,{'weight_method': 'inverse'},fish-benchmark,bzn9b1ne,coralcam,test_sliding_window,1000,08zpdicf,0.11222336441278458,0.030522989109158516,0.07402293384075165,0.08610345423221588,0.23189619183540344,0.17441488802433014,0.07180513441562653,0.8561357855796814,"[0.01944984681904316, 0.13316510617733002, 0.0, 0.0, 0.0]","[0.35836178064346313, 0.07215547561645508, 0.0, 0.0, 0.0]","[0.00999619159847498, 0.8620781898498535, 0.0, 0.0, 0.0]","[0.23444071412086487, 0.09442360699176788, -0.0, 0.029538314789533615, 0.0006230446160770953]","[10504, 3734, 0, 63, 33]",0.11240552365779877,0.07630747556686401,0.07402293384075165,0.2152586281299591,0.23345975577831268,0.43603718280792236,0.16443216800689697,0.640995979309082,0.0,0.0,0.0,0.0,0.0,0.0,0.015080680139362812,0.9993434548377991,"[[62420, 10399], [188, 105]]","[[27985, 515], [41393, 3219]]","[[73112, 0], [0, 0]]","[[73049, 63], [0, 0]]","[[73079, 33], [0, 0]]",,,,
,100,coralcam,val_mAP,mean,random,False,videomae,False,adam,,32,mlp,0.001,5e-05,sliding_window_w_stride,"{'weight_method': 'focal_loss', 'focal_loss_alpha': 0.5, 'focal_loss_gamma': 1}",fish-benchmark,n4etorzd,coralcam,test_sliding_window,1000,84wqqalj,0.043113771826028824,0.011661898344755173,0.4655172526836395,0.10594728589057922,0.022603599354624748,0.006203599739819765,0.08271975815296173,0.9606575965881348,"[0.05777658522129059, 0.0005329070263542235, 0.0, 0.0, 0.0]","[0.47710487246513367, 0.05263157933950424, 0.0, 0.0, 0.0]","[0.03075019083917141, 0.0002678093151189387, 0.0, 0.0, 0.0]","[0.2828356921672821, 0.10932819545269012, -0.0, 0.021057432517409325, 0.00037744949804618955]","[10504, 3734, 0, 63, 33]",0.043390918523073196,0.029154745861887932,0.4655172526836395,0.26486822962760925,0.022756004706025124,0.015509000048041344,0.19608193635940552,0.9023005962371826,0.0,0.0,0.0,0.0,0.0,0.0,0.010717441327869892,0.9993434548377991,"[[62254, 10181], [354, 323]]","[[69360, 3733], [18, 1]]","[[73112, 0], [0, 0]]","[[73049, 63], [0, 0]]","[[73079, 33], [0, 0]]",,,,
,100,coralcam,val_mAP,mean,random,False,dino_large,False,adam,,32,mlp,0.001,5e-05,frames,"{'weight_method': 'focal_loss', 'focal_loss_alpha': 0.5, 'focal_loss_gamma': 1}",fish-benchmark,8p9an3a8,coralcam,test_frames,1000,kugfaexg,0.20788732171058655,0.053024858236312866,0.5388434529304504,0.10776869207620621,0.1287868171930313,0.035162948071956635,0.11221518367528915,0.9615384340286255,"[0.26512429118156433, 0.0, 0.0, 0.0, 0.0]","[0.5388434529304504, 0.0, 0.0, 0.0, 0.0]","[0.17581474781036377, 0.0, 0.0, 0.0, 0.0]","[0.42370983958244324, 0.1333005130290985, -0.0, 0.003606666810810566, 0.0004588770680129528]","[10494, 3736, 0, 63, 33]",0.2090177834033966,0.13256214559078217,0.5388434529304504,0.2694217264652252,0.129655659198761,0.08790737390518188,0.2785051763057709,0.9045026898384094,0.0,0.0,0.0,0.0,0.0,0.0,0.0020327719394117594,0.9993434548377991,"[[61039, 8649], [1579, 1845]]","[[69376, 3736], [0, 0]]","[[73112, 0], [0, 0]]","[[73049, 63], [0, 0]]","[[73079, 33], [0, 0]]",,,,
,100,coralcam,val_mAP,mean,random,False,resnet50,True,adam,,32,mlp,0.001,5e-05,frames,"{'weight_method': 'focal_loss', 'focal_loss_alpha': 0.75, 'focal_loss_gamma': 5}",fish-benchmark,udu2h10c,coralcam,test_frames,1000,nuebvcnl,0.49983957409858704,0.1323344111442566,0.5652726292610168,0.22917315363883972,0.4479833245277405,0.12775352597236633,0.1504950225353241,0.9658879637718201,"[0.5797765851020813, 0.08189544081687927, 0.0, 0.0, 0.0]","[0.5655737519264221, 0.5802919864654541, 0.0, 0.0, 0.0]","[0.5947110652923584, 0.044056523591279984, 0.0, 0.0, 0.0]","[0.5872382521629333, 0.164051815867424, -0.0, 0.0007511543808504939, 0.00043391110375523567]","[10210, 3609, 0, 62, 28]",0.5019130706787109,0.3308359980583191,0.5659400820732117,0.5729328393936157,0.45090094208717346,0.31938380002975464,0.3756450414657593,0.9154242873191833,0.0,0.0,0.0,0.0,0.0,0.0,0.0005925327423028648,0.9992955923080444,"[[58238, 4138], [4664, 6072]]","[[69388, 3450], [115, 159]]","[[73112, 0], [0, 0]]","[[73037, 62], [13, 0]]","[[73084, 28], [0, 0]]",,,,
,40,coralcam,val_mAP,mean,balanced,False,dino_large,True,adam,,32,mlp,0.001,5e-05,frames,"{'weight_method': 'focal_loss', 'focal_loss_alpha': 0.5, 'focal_loss_gamma': 1}",fish-benchmark,duhn3c2b,coralcam,test_frames,1000,n6w2ccic,0.40228530764579773,0.09478046000003815,0.38801681995391846,0.11239320039749146,0.4176432490348816,0.11457862704992294,0.09760074317455292,0.9527792930603027,"[0.4621281623840332, 0.011774150654673576, 0.0, 0.0, 0.0]","[0.3900910019874573, 0.171875, 0.0, 0.0, 0.0]","[0.5667972564697266, 0.006095871329307556, 0.0, 0.0, 0.0]","[0.4154682457447052, 0.0709594190120697, -0.0, 0.0008315477170981467, 0.0007444813381880522]","[10210, 3609, 0, 62, 28]",0.4036550521850586,0.23695115745067596,0.3882242739200592,0.28098300099372864,0.42036327719688416,0.28644657135009766,0.24321383237838745,0.8826184272766113,0.0,0.0,0.0,0.0,0.0,0.0,0.000788014498539269,0.9993298053741455,"[[53854, 4423], [9048, 5787]]","[[69397, 3587], [106, 22]]","[[73112, 0], [0, 0]]","[[73044, 62], [6, 0]]","[[73082, 28], [2, 0]]",dino_balanced_focal_finetune_coralcam_frames,onehot,,
,100,coralcam,val_mAP,mean,random,False,resnet50,False,adam,,32,mlp,0.001,5e-05,frames,"{'weight_method': 'focal_loss', 'focal_loss_alpha': 0.75, 'focal_loss_gamma': 5}",fish-benchmark,u6594yjh,coralcam,test_frames,1000,vcbmxcr7,0.3254586458206177,0.07785415649414062,0.41329729557037354,0.21597635746002197,0.2684125602245331,0.07331394404172897,0.10397027432918549,0.9566500782966614,"[0.38819465041160583, 0.0010761367157101631, 0.0, 0.0, 0.0]","[0.41321510076522827, 0.6666666865348816, 0.0, 0.0, 0.0]","[0.3660312294960022, 0.0005385029362514615, 0.0, 0.0, 0.0]","[0.3787316083908081, 0.1390407234430313, -0.0, 0.0014379662461578846, 0.0006410657661035657]","[10439, 3714, 0, 62, 28]",0.3267102539539337,0.19463539123535156,0.41329729557037354,0.5399408936500549,0.27011939883232117,0.18328486382961273,0.2588861584663391,0.8922406435012817,0.0,0.0,0.0,0.0,0.0,0.0,0.0010395159479230642,0.9993845224380493,"[[57247, 6618], [5426, 3821]]","[[69397, 3712], [1, 2]]","[[73112, 0], [0, 0]]","[[73050, 62], [0, 0]]","[[73084, 28], [0, 0]]",resnet_random_focal_coralcam_frames_False,onehot,,
,40,coralcam,val_mAP,mean,balanced,False,resnet50,False,adam,,32,mlp,0.001,5e-05,frames,{'weight_method': 'uniform'},fish-benchmark,ynfb7k2f,coralcam,test_frames,1000,xce6zq8n,0.296952486038208,0.11134786903858185,0.23861892521381378,0.09146066009998322,0.3930351734161377,0.14905476570129395,0.08786287158727646,0.9274893403053284,"[0.36310285329818726, 0.19363650679588318, 0.0, 0.0, 0.0]","[0.3193051218986511, 0.13799816370010376, 0.0, 0.0, 0.0]","[0.4208257496356964, 0.3244480490684509, 0.0, 0.0, 0.0]","[0.30974411964416504, 0.12410086393356323, -0.0, 0.002262527821585536, 0.0032068605069071054]","[10439, 3714, 0, 62, 28]",0.3055426776409149,0.278369665145874,0.24891062080860138,0.22865164279937744,0.3955345153808594,0.37263691425323486,0.21692249178886414,0.8259724974632263,0.0,0.0,0.0,0.0,0.0,0.0,0.0027346941642463207,0.9927508234977722,"[[53308, 6046], [9365, 4393]]","[[61871, 2509], [7527, 1205]]","[[73112, 0], [0, 0]]","[[72092, 62], [958, 0]]","[[73072, 28], [12, 0]]",resnet_uniform_coralcam_frames,onehot,,
,100,coralcam,val_mAP,mean,random,False,resnet50,False,adam,,32,mlp,0.001,5e-05,frames,{'weight_method': 'uniform'},fish-benchmark,a1utb1tc,coralcam,test_frames,1000,1nwmt5ve,0.16184218227863312,0.04177553579211235,0.5158490538597107,0.10316981375217438,0.09597697108983994,0.026190247386693954,0.10079482942819595,0.9612676501274109,"[0.20887768268585205, 0.0, 0.0, 0.0, 0.0]","[0.5158490538597107, 0.0, 0.0, 0.0, 0.0]","[0.13095124065876007, 0.0, 0.0, 0.0, 0.0]","[0.38226062059402466, 0.12077578157186508, -0.0, 0.0006763467099517584, 0.0002614158729556948]","[10439, 3714, 0, 62, 28]",0.162709042429924,0.10443884134292603,0.5158490538597107,0.25792452692985535,0.09658729285001755,0.06547562032938004,0.251518189907074,0.9037846326828003,0.0,0.0,0.0,0.0,0.0,0.0,0.00046888127690181136,0.9993845224380493,"[[61390, 9072], [1283, 1367]]","[[69398, 3714], [0, 0]]","[[73112, 0], [0, 0]]","[[73050, 62], [0, 0]]","[[73084, 28], [0, 0]]",resnet_random_uniform_coralcam_frames,onehot,,
,100,coralcam,val_mAP,mean,random,False,resnet50,False,adam,,32,mlp,0.001,5e-05,frames,{'weight_method': 'inverse'},fish-benchmark,19jr4myk,coralcam,test_frames,1000,n8yzoknt,0.07075042277574539,0.01918395422399044,0.47929516434669495,0.15351885557174683,0.0381942018866539,0.010561219416558743,0.09394531697034836,0.9609093070030212,"[0.09377442300319672, 0.002145347185432911, 0.0, 0.0, 0.0]","[0.5009276270866394, 0.2666666805744171, 0.0, 0.0, 0.0]","[0.05172909423708916, 0.001077005872502923, 0.0, 0.0, 0.0]","[0.3401223123073578, 0.12577173113822937, -0.0, 0.0019970103166997433, 0.0018355398206040263]","[10439, 3714, 0, 62, 28]",0.07136297971010208,0.047959886491298676,0.49771273136138916,0.38379716873168945,0.03843707963824272,0.026403050869703293,0.23294702172279358,0.903175950050354,0.0,0.0,0.0,0.0,0.0,0.0,0.0019162751268595457,0.9990972876548767,"[[62135, 9899], [538, 540]]","[[69387, 3710], [11, 4]]","[[73112, 0], [0, 0]]","[[73008, 62], [42, 0]]","[[73084, 28], [0, 0]]",resnet_random_inverse_coralcam_frames_False,onehot,,
,40,coralcam,val_mAP,mean,balanced,False,resnet50,False,adam,,32,mlp,0.001,5e-05,frames,"{'weight_method': 'focal_loss', 'focal_loss_alpha': 0.5, 'focal_loss_gamma': 1}",fish-benchmark,snqpi1f7,coralcam,test_frames,1000,6trd5wdh,0.3201305568218231,0.11782810091972351,0.25365352630615234,0.09480643272399902,0.43382713198661804,0.16115745902061462,0.09428815543651581,0.9282060265541077,"[0.39097270369529724, 0.19816778600215912, 0.0, 0.0, 0.0]","[0.33279505372047424, 0.14123710989952087, 0.0, 0.0, 0.0]","[0.4738001823425293, 0.33198708295822144, 0.0, 0.0, 0.0]","[0.3334970474243164, 0.1326175332069397, -0.0, 0.0022915597073733807, 0.003034659195691347]","[10439, 3714, 0, 62, 28]",0.3274075984954834,0.2945702373981476,0.2619108259677887,0.23701608180999756,0.4365858733654022,0.40289363265037537,0.23305729031562805,0.8263828158378601,0.0,0.0,0.0,0.0,0.0,0.0,0.002663109451532364,0.9941322803497314,"[[52757, 5493], [9916, 4946]]","[[61901, 2481], [7497, 1233]]","[[73112, 0], [0, 0]]","[[72292, 62], [758, 0]]","[[73074, 28], [10, 0]]",resnet_balanced_focal_coralcam_frames_False,onehot,,
,40,coralcam,val_mAP,mean,balanced,False,videomae,False,adam,,32,mlp,0.001,5e-05,sliding_window_w_temp,{'weight_method': 'uniform'},fish-benchmark,jj1rod52,coralcam,test_sliding_window,1000,13l4k3on,0.1631399244070053,0.0719551295042038,0.1596953123807907,0.07074625045061111,0.1667364239692688,0.15219345688819885,0.0875549465417862,0.9329248070716858,"[0.20849581062793732, 0.09458023309707642, 0.0, 0.055390700697898865, 0.001308900536969304]","[0.22969412803649902, 0.09383236616849899, 0.0, 0.029535865411162376, 0.0006688963039778173]","[0.19087965786457062, 0.09534011781215668, 0.0, 0.4444444477558136, 0.03030303120613098]","[0.21229010820388794, 0.0871422290802002, -0.0, 0.13754808902740479, 0.0007943154196254909]","[10504, 3734, 0, 63, 33]",0.17645080387592316,0.15153801441192627,0.18853309750556946,0.1617632508277893,0.16582384705543518,0.14310988783836365,0.14971616864204407,0.8492791652679443,0.02284363843500614,0.028349800035357475,0.011870650574564934,0.015102380886673927,0.3020833432674408,0.2373737394809723,0.06917120516300201,0.9830328822135925,"[[55884, 8499], [6724, 2005]]","[[65940, 3378], [3438, 356]]","[[73112, 0], [0, 0]]","[[72129, 35], [920, 28]]","[[71585, 32], [1494, 1]]",videomae_balanced_uniform_coralcam_sliding_window_w_temp,onehot,,
,40,coralcam,val_mAP,mean,balanced,False,videomae,False,adam,,32,mlp,0.001,5e-05,sliding_window_w_stride,"{'weight_method': 'focal_loss', 'focal_loss_alpha': 0.75, 'focal_loss_gamma': 5}",fish-benchmark,d8wtqsku,coralcam,test_sliding_window,1000,sgu9kquf,0.24542136490345,0.09424953162670135,0.14495062828063965,0.05688029155135155,0.7997767329216003,0.3213944435119629,0.08881494402885437,0.807158887386322,"[0.327493280172348, 0.14375436305999756, 0.0, 0.0, 0.0]","[0.2054283320903778, 0.07897311449050903, 0.0, 0.0, 0.0]","[0.8070259094238281, 0.7999464273452759, 0.0, 0.0, 0.0]","[0.22990712523460388, 0.10660792887210846, -0.0, 0.10716354846954346, 0.00039611716056242585]","[10504, 3734, 0, 63, 33]",0.2456764429807663,0.2356238216161728,0.1449524611234665,0.14220072329044342,0.8051692843437195,0.803486168384552,0.16825753450393677,0.5185605883598328,0.0,0.0,0.0,0.0,0.0,0.0,0.053779833018779755,0.9993366599082947,"[[29820, 2027], [32788, 8477]]","[[34542, 747], [34836, 2987]]","[[73112, 0], [0, 0]]","[[73048, 63], [1, 0]]","[[73079, 33], [0, 0]]",videomae_balanced_focal_2_coralcam_sliding_window_w_stride,onehot,,
,100,coralcam,val_mAP,mean,random,False,resnet50,True,adam,,32,mlp,0.001,5e-05,frames,{'weight_method': 'uniform'},fish-benchmark,0zfto6d4,coralcam,test_frames,1000,ivzh7v5g,0.44151318073272705,0.11969634145498276,0.6403388977050781,0.23822253942489624,0.3369041681289673,0.09677249938249588,0.14358597993850708,0.9675703048706055,"[0.5265169143676758, 0.071964792907238, 0.0, 0.0, 0.0]","[0.6438685655593872, 0.5472440719604492, 0.0, 0.0, 0.0]","[0.44534769654273987, 0.03851482272148132, 0.0, 0.0, 0.0]","[0.5740979313850403, 0.14265033602714539, -0.0, 0.0008462206460535526, 0.00033539082505740225]","[10210, 3609, 0, 62, 28]",0.44343507289886475,0.2992408573627472,0.6405139565467834,0.5955563187599182,0.33909833431243896,0.2419312596321106,0.35837411880493164,0.9195549488067627,0.0,0.0,0.0,0.0,0.0,0.0,0.0005908057210035622,0.999370813369751,"[[60387, 5663], [2515, 4547]]","[[69388, 3470], [115, 139]]","[[73112, 0], [0, 0]]","[[73048, 62], [2, 0]]","[[73084, 28], [0, 0]]",resnet_random_uniform_coralcam_frames,onehot,,
,100,coralcam,val_mAP,mean,random,False,videomae,False,adam,,32,mlp,0.001,5e-05,sliding_window_w_temp,{'weight_method': 'inverse'},fish-benchmark,snr259gc,coralcam,test_sliding_window,1000,rbne7nwk,0.09988018125295639,0.04234393686056137,0.07203259319067001,0.023955389857292175,0.16282963752746582,0.22418159246444702,0.07097724825143814,0.8849217891693115,"[0.0, 0.16345199942588806, 0.0, 0.04740200564265251, 0.00086567597463727]","[0.0, 0.09419697523117065, 0.0, 0.025145066902041435, 0.0004349086666479707]","[0.0, 0.6173005104064941, 0.0, 0.4126984179019928, 0.09090909361839294]","[0.2315736562013626, 0.09789150953292847, -0.0, 0.024542516097426414, 0.0008785363752394915]","[10504, 3734, 0, 63, 33]",0.11909683048725128,0.08172599971294403,0.09419697523117065,0.04709848761558533,0.16189071536064148,0.30865025520324707,0.16473257541656494,0.7668098211288452,0.007224713452160358,0.024133840575814247,0.0036560767330229282,0.012789987958967686,0.3020833432674408,0.25180375576019287,0.012710526585578918,0.9454945921897888,"[[62608, 10504], [0, 0]]","[[47213, 1429], [22165, 2305]]","[[73112, 0], [0, 0]]","[[72041, 37], [1008, 26]]","[[66184, 30], [6895, 3]]",videomae_random_inverse_coralcam_sliding_window_w_temp,onehot,,
,100,coralcam,val_mAP,mean,random,False,videomae,False,adam,,32,mlp,0.001,5e-05,sliding_window_w_temp,"{'weight_method': 'focal_loss', 'focal_loss_alpha': 0.5, 'focal_loss_gamma': 1}",fish-benchmark,swz19i7i,coralcam,test_sliding_window,1000,41udeh34,0.0936264842748642,0.024526774883270264,0.4079655408859253,0.0815931111574173,0.05288126319646835,0.01443259697407484,0.09009944647550583,0.9598533511161804,"[0.12263387441635132, 0.0, 0.0, 0.0, 0.0]","[0.4079655408859253, 0.0, 0.0, 0.0, 0.0]","[0.07216298580169678, 0.0, 0.0, 0.0, 0.0]","[0.3101339042186737, 0.1260938048362732, -0.0, 0.013789569027721882, 0.00047995781642384827]","[10504, 3734, 0, 63, 33]",0.09418489038944244,0.06131693720817566,0.4079655408859253,0.20398277044296265,0.05323781445622444,0.03608149290084839,0.21811385452747345,0.9002899527549744,0.0,0.0,0.0,0.0,0.0,0.0,0.007134763523936272,0.9993434548377991,"[[61508, 9746], [1100, 758]]","[[69378, 3734], [0, 0]]","[[73112, 0], [0, 0]]","[[73049, 63], [0, 0]]","[[73079, 33], [0, 0]]",videomae_random_focal_coralcam_sliding_window_w_temp,onehot,,
,40,coralcam,val_mAP,mean,balanced,False,videomae,False,adam,,32,mlp,0.001,5e-05,sliding_window_w_stride,{'weight_method': 'uniform'},fish-benchmark,eppcbgw3,coralcam,test_sliding_window,1000,z7ohtfpg,0.1958034485578537,0.07779551297426224,0.15772198140621185,0.06947635114192963,0.2581275403499603,0.11884848773479462,0.07637208700180054,0.9168590903282166,"[0.23282675445079803, 0.15615080296993256, 0.0, 0.0, 0.0]","[0.24880900979042053, 0.0985727310180664, 0.0, 0.0, 0.0]","[0.21877379715442657, 0.3754686713218689, 0.0, 0.0, 0.0]","[0.21791774034500122, 0.09936098754405975, -0.0, 0.06423114240169525, 0.00035054475301876664]","[10504, 3734, 0, 63, 33]",0.19630208611488342,0.1944887787103653,0.15772198140621185,0.17369087040424347,0.25986796617507935,0.29712122678756714,0.15863937139511108,0.7928041815757751,0.0,0.0,0.0,0.0,0.0,0.0,0.03229084238409996,0.9993434548377991,"[[55670, 8206], [6938, 2298]]","[[56557, 2332], [12821, 1402]]","[[73112, 0], [0, 0]]","[[73049, 63], [0, 0]]","[[73079, 33], [0, 0]]",videomae_balanced_uniform_coralcam_sliding_window_w_stride,onehot,,
,40,coralcam,val_mAP,mean,balanced,False,resnet50,True,adam,,32,mlp,0.001,5e-05,frames,{'weight_method': 'uniform'},fish-benchmark,6kr01izn,coralcam,test_frames,1000,40fnxzyr,0.44332370162010193,0.12531103193759918,0.3594476282596588,0.1466539204120636,0.5782586932182312,0.16858656704425812,0.13478149473667145,0.9447450637817383,"[0.4875973165035248, 0.13895781338214874, 0.0, 0.0, 0.0]","[0.3594832122325897, 0.37378641963005066, 0.0, 0.0, 0.0]","[0.7575905919075012, 0.08534219861030579, 0.0, 0.0, 0.0]","[0.5042375326156616, 0.16584059596061707, -0.0, 0.002583074849098921, 0.0012462178710848093]","[10210, 3609, 0, 62, 28]",0.444856196641922,0.31327757239341736,0.3600107431411743,0.3666348159313202,0.5820247530937195,0.4214664101600647,0.33503907918930054,0.8627174496650696,0.0,0.0,0.0,0.0,0.0,0.0,0.001914646360091865,0.9991451501846313,"[[49120, 2475], [13782, 7735]]","[[68987, 3301], [516, 308]]","[[73112, 0], [0, 0]]","[[73018, 62], [32, 0]]","[[73081, 28], [3, 0]]",resnet_uniform_coralcam_frames,onehot,,
,100,coralcam,val_mAP,mean,random,False,videomae,False,adam,,32,mlp,0.001,5e-05,sliding_window_w_temp,{'weight_method': 'uniform'},fish-benchmark,iica4rb7,coralcam,test_sliding_window,1000,uk5cm84u,0.040919024497270584,0.010964250192046165,0.4018205404281616,0.08036410808563232,0.021557137370109558,0.0058834729716181755,0.0832962766289711,0.9603758454322815,"[0.05482125282287598, 0.0, 0.0, 0.0, 0.0]","[0.4018205404281616, 0.0, 0.0, 0.0, 0.0]","[0.029417363926768303, 0.0, 0.0, 0.0, 0.0]","[0.2883768677711487, 0.11467544734477997, -0.0, 0.012993105687201023, 0.0004359649901743978]","[10504, 3734, 0, 63, 33]",0.04118078202009201,0.02741062641143799,0.4018205404281616,0.2009102702140808,0.021702487021684647,0.014708681963384151,0.20152616500854492,0.901596188545227,0.0,0.0,0.0,0.0,0.0,0.0,0.006714535411447287,0.9993434548377991,"[[62148, 10195], [460, 309]]","[[69378, 3734], [0, 0]]","[[73112, 0], [0, 0]]","[[73049, 63], [0, 0]]","[[73079, 33], [0, 0]]",videomae_random_uniform_coralcam_sliding_window_w_temp,onehot,,
,100,coralcam,val_mAP,mean,random,False,videomae,False,adam,,32,mlp,0.001,5e-05,sliding_window_w_stride,{'weight_method': 'uniform'},fish-benchmark,zsae433u,coralcam,test_sliding_window,1000,xlxhnmi9,0.026484696194529533,0.007146112620830536,0.4197002053260803,0.0839400440454483,0.013673782348632812,0.003731911536306143,0.07700280845165253,0.9605837464332581,"[0.03573056310415268, 0.0, 0.0, 0.0, 0.0]","[0.4197002053260803, 0.0, 0.0, 0.0, 0.0]","[0.018659558147192, 0.0, 0.0, 0.0, 0.0]","[0.26978984475135803, 0.10276062786579132, -0.0, 0.012154224328696728, 0.00030933492234908044]","[10504, 3734, 0, 63, 33]",0.026657599955797195,0.01786528155207634,0.4197002053260803,0.20985010266304016,0.013765978626906872,0.009329779073596,0.18627524375915527,0.9021159410476685,0.0,0.0,0.0,0.0,0.0,0.0,0.00623177969828248,0.9993434548377991,"[[62337, 10308], [271, 196]]","[[69378, 3734], [0, 0]]","[[73112, 0], [0, 0]]","[[73049, 63], [0, 0]]","[[73079, 33], [0, 0]]",videomae_random_uniform_coralcam_sliding_window_w_stride,onehot,,
,40,coralcam,val_mAP,mean,balanced,False,videomae,False,adam,,32,mlp,0.001,5e-05,sliding_window_w_temp,"{'weight_method': 'focal_loss', 'focal_loss_alpha': 0.75, 'focal_loss_gamma': 5}",fish-benchmark,lpiv92mg,coralcam,test_sliding_window,1000,1ipz7vmt,0.22525154054164886,0.10042890161275864,0.13217715919017792,0.060653846710920334,0.761406421661377,0.4095095992088318,0.10679628700017929,0.7946246862411499,"[0.31838396191596985, 0.14050255715847015, 0.0, 0.03947368264198303, 0.0037842951714992523]","[0.2041810154914856, 0.07631980627775192, 0.0, 0.02081526443362236, 0.001953125]","[0.722486674785614, 0.8835029602050781, 0.0, 0.380952388048172, 0.06060606241226196]","[0.2514590322971344, 0.10670632123947144, -0.0, 0.17469757795333862, 0.0011185535695403814]","[10504, 3734, 0, 63, 33]",0.23011243343353271,0.2294432520866394,0.13543298840522766,0.14025041460990906,0.7647141218185425,0.8029948472976685,0.17908267676830292,0.5017507672309875,0.022877255454659462,0.021628988906741142,0.01194304134696722,0.01138419471681118,0.2708333432674408,0.22077922523021698,0.0879080668091774,0.9848109483718872,"[[33029, 2915], [29579, 7589]]","[[29451, 435], [39927, 3299]]","[[73112, 0], [0, 0]]","[[71920, 39], [1129, 24]]","[[72057, 31], [1022, 2]]",videomae_balanced_focal_2_coralcam_sliding_window_w_temp,onehot,,
,100,coralcam,val_mAP,mean,random,False,dino_large,True,adam,,32,mlp,0.001,5e-05,frames,"{'weight_method': 'focal_loss', 'focal_loss_alpha': 0.5, 'focal_loss_gamma': 1}",fish-benchmark,qnfj5wzj,coralcam,test_frames,1000,0n4jplr2,0.2656719386577606,0.06473469734191895,0.4072478711605072,0.08144957572221756,0.19713854789733887,0.05371204763650894,0.07629121094942093,0.958534836769104,"[0.3236734867095947, 0.0, 0.0, 0.0, 0.0]","[0.4072478711605072, 0.0, 0.0, 0.0, 0.0]","[0.2685602307319641, 0.0, 0.0, 0.0, 0.0]","[0.3195909559726715, 0.061136506497859955, -0.0, 0.0005094113294035196, 0.0002191694511566311]","[10210, 3609, 0, 62, 28]",0.2668353319168091,0.16183674335479736,0.4072478711605072,0.2036239355802536,0.19842246174812317,0.13428011536598206,0.19036373496055603,0.8969526290893555,0.0,0.0,0.0,0.0,0.0,0.0,0.00036429037572816014,0.9993845224380493,"[[58911, 7468], [3991, 2742]]","[[69503, 3609], [0, 0]]","[[73112, 0], [0, 0]]","[[73050, 62], [0, 0]]","[[73084, 28], [0, 0]]",dino_random_focal_coralcam_frames_True,onehot,,
,100,coralcam,val_mAP,mean,random,False,dino_large,True,adam,,32,mlp,0.001,5e-05,frames,{'weight_method': 'inverse'},fish-benchmark,s9la1ay6,coralcam,test_frames,1000,0bkhlvma,0.0,0.0,0.0,0.0,0.0,0.0,0.038848504424095154,0.9619515538215637,"[0.0, 0.0, 0.0, 0.0, 0.0]","[0.0, 0.0, 0.0, 0.0, 0.0]","[0.0, 0.0, 0.0, 0.0, 0.0]","[0.1384372115135193, 0.05497943237423897, -0.0, 0.0006010545184835792, 0.0002248291566502303]","[10210, 3609, 0, 62, 28]",0.0,0.0,0.0,0.0,0.0,0.0,0.09670832008123398,0.9054943323135376,0.0,0.0,0.0,0.0,0.0,0.0,0.00041294185211881995,0.9993845224380493,"[[62902, 10210], [0, 0]]","[[69503, 3609], [0, 0]]","[[73112, 0], [0, 0]]","[[73050, 62], [0, 0]]","[[73084, 28], [0, 0]]",dino_random_inverse_coralcam_frames_True,onehot,,
,100,coralcam,val_mAP,mean,balanced,False,dino_large,True,adam,,32,mlp,0.001,5e-05,frames,{'weight_method': 'uniform'},fish-benchmark,83gzvc6m,coralcam,test_frames,1000,cvezipdk,0.3058878481388092,0.0816994160413742,0.2857588827610016,0.07989635318517685,0.32906749844551086,0.09273843467235565,0.07601691782474518,0.9431775808334351,"[0.3720949590206146, 0.03640211746096611, 0.0, 0.0, 0.0]","[0.3224208354949951, 0.07706093043088913, 0.0, 0.0, 0.0]","[0.4398628771305084, 0.02382931485772133, 0.0, 0.0, 0.0]","[0.3166424334049225, 0.06256142258644104, -0.0, 0.0005697898450307548, 0.00031091770506463945]","[10210, 3609, 0, 62, 28]",0.31714245676994324,0.20424853265285492,0.30422067642211914,0.19974088668823242,0.3312106430530548,0.23184609413146973,0.18960192799568176,0.865206778049469,0.0,0.0,0.0,0.0,0.0,0.0,0.0004403537604957819,0.9927371740341187,"[[53464, 5719], [9438, 4491]]","[[68473, 3523], [1030, 86]]","[[73112, 0], [0, 0]]","[[72151, 62], [899, 0]]","[[73011, 28], [73, 0]]",dino_balanced_uniform_finetune_long_coralcam_frames,onehot,,
,40,coralcam,val_mAP,mean,balanced,False,dino_large,False,adam,,32,mlp,0.001,5e-05,frames,{'weight_method': 'uniform'},fish-benchmark,zn4wr5mi,coralcam,test_frames,1000,f4er6ozh,0.3373295068740845,0.12575297057628632,0.2629443109035492,0.10013607144355774,0.4704034626483917,0.18387502431869507,0.09635014832019806,0.9275714159011841,"[0.4227498471736908, 0.1999034285545349, 0.0, 0.006111535709351301, 0.0]","[0.3545472025871277, 0.14292289316654205, 0.0, 0.0032102728728204966, 0.0]","[0.5234419703483582, 0.332441121339798, 0.0, 0.0634920671582222, 0.0]","[0.34585073590278625, 0.13166892528533936, -0.0, 0.003388122422620654, 0.0008429556619375944]","[10494, 3736, 0, 63, 33]",0.3506625294685364,0.31132662296295166,0.27850142121315,0.24873504042625427,0.4732958674430847,0.42794156074523926,0.2387598305940628,0.8294192552566528,0.005188067443668842,0.0030557678546756506,0.0027662517968565226,0.0016051364364102483,0.0416666679084301,0.0317460335791111,0.0021155390422791243,0.9895092248916626,"[[52618, 5001], [10000, 5493]]","[[61928, 2494], [7448, 1242]]","[[73112, 0], [0, 0]]","[[71807, 59], [1242, 4]]","[[72879, 33], [200, 0]]",dino_balanced_uniform_coralcam_frames_False,onehot,,
,40,coralcam,val_mAP,mean,balanced,False,videomae,False,adam,,32,mlp,0.001,5e-05,sliding_window_ti8,"{'weight_method': 'focal_loss', 'focal_loss_alpha': 0.75, 'focal_loss_gamma': 5}",fish-benchmark,hfvovnt3,coralcam,test_sliding_window_ti8,1000,k3x5rcrq,0.39827772974967957,0.16583839058876038,0.2633576989173889,0.10962612926959991,0.8166568279266357,0.40685486793518066,0.14759042859077454,0.7992337942123413,"[0.5201114416122437, 0.1828669160604477, 0.0, 0.12621359527111053, 0.0]","[0.36924538016319275, 0.10745669156312943, 0.0, 0.0714285746216774, 0.0]","[0.8794272541999817, 0.6131805181503296, 0.0, 0.5416666865348816, 0.0]","[0.44386327266693115, 0.1131444200873375, -0.0, 0.17888474464416504, 0.002059733495116234]","[2654, 698, 0, 24, 22]",0.40451082587242126,0.35148918628692627,0.26805123686790466,0.2383510321378708,0.8239856958389282,0.746303915977478,0.2785038352012634,0.5132287740707397,0.09318996220827103,0.06310679763555527,0.055793993175029755,0.0357142873108387,0.28260868787765503,0.2708333432674408,0.09047223627567291,0.9848557114601135,"[[1712, 320], [3987, 2334]]","[[4100, 270], [3555, 428]]","[[8353, 0], [0, 0]]","[[8160, 11], [169, 13]]","[[8280, 22], [51, 0]]",videomae_balanced_focal_2_coralcam_sliding_window_ti8,onehot,,
,40,coralcam,val_mAP,mean,balanced,False,videomae,False,adam,,32,mlp,0.001,5e-05,sliding_window_ti8,{'weight_method': 'uniform'},fish-benchmark,kjlh6e81,coralcam,test_sliding_window_ti8,1000,y4wr3k8p,0.40350228548049927,0.14639751613140106,0.3472723364830017,0.12157884240150452,0.48145967721939087,0.237141415476799,0.1250113546848297,0.8841853141784668,"[0.48581957817077637, 0.13832487165927887, 0.0, 0.10784313827753067, 0.0]","[0.42263731360435486, 0.12414578348398209, 0.0, 0.06111111119389534, 0.0]","[0.5712132453918457, 0.15616045892238617, 0.0, 0.4583333432674408, 0.0]","[0.44076356291770935, 0.10201107710599899, -0.0, 0.08022864907979965, 0.002053455449640751]","[2654, 698, 0, 24, 22]",0.41576051712036133,0.312072217464447,0.3639417588710785,0.2733915448188782,0.48478519916534424,0.36368685960769653,0.2713873088359833,0.7266251444816589,0.07534246891736984,0.053921569138765335,0.04471544548869133,0.03055555559694767,0.239130437374115,0.2291666716337204,0.041141051799058914,0.9838381409645081,"[[3628, 1138], [2071, 1516]]","[[6886, 589], [769, 109]]","[[8353, 0], [0, 0]]","[[8160, 13], [169, 11]]","[[8265, 22], [66, 0]]",videomae_balanced_uniform_coralcam_sliding_window_ti8,onehot,,
,40,coralcam,val_mAP,mean,balanced,False,videomae,False,adam,,32,mlp,0.001,5e-05,sliding_window_ti8,"{'weight_method': 'focal_loss', 'focal_loss_alpha': 0.5, 'focal_loss_gamma': 1}",fish-benchmark,dxo409ky,coralcam,test_sliding_window_ti8,1000,modsnpa0,0.3963660001754761,0.145094633102417,0.3545391261577606,0.12404769659042358,0.4493819773197174,0.22554859519004822,0.12372531741857529,0.8886387944221497,"[0.48163819313049316, 0.12228796631097794, 0.0, 0.12154696136713028, 0.0]","[0.4371735751628876, 0.11300121247768402, 0.0, 0.07006369531154633, 0.0]","[0.5361717939376831, 0.133237823843956, 0.0, 0.4583333432674408, 0.0]","[0.4452061057090759, 0.1047884002327919, -0.0, 0.06647250056266785, 0.002159625291824341]","[2654, 698, 0, 24, 22]",0.40807536244392395,0.30196309089660645,0.3717508614063263,0.2750873863697052,0.45226728916168213,0.33470481634140015,0.2749972641468048,0.736741304397583,0.07999999821186066,0.06077348068356514,0.04803493618965149,0.03503184765577316,0.239130437374115,0.2291666716337204,0.034316062927246094,0.9848557114601135,"[[3867, 1231], [1832, 1423]]","[[6925, 605], [730, 93]]","[[8353, 0], [0, 0]]","[[8183, 13], [146, 11]]","[[8259, 22], [72, 0]]",videomae_balanced_focal_coralcam_sliding_window_ti8,onehot,,
,100,coralcam,val_mAP,mean,random,False,videomae,False,adam,,32,mlp,0.001,5e-05,sliding_window_ti8,{'weight_method': 'uniform'},fish-benchmark,o2pwg7r2,coralcam,test_sliding_window_ti8,1000,j3i55s4c,0.40658244490623474,0.09312774240970612,0.4671505093574524,0.09411311894655228,0.35991761088371277,0.09216277301311493,0.12340632826089859,0.9145217537879944,"[0.4656386971473694, 0.0, 0.0, 0.0, 0.0]","[0.4705655872821808, 0.0, 0.0, 0.0, 0.0]","[0.46081387996673584, 0.0, 0.0, 0.0, 0.0]","[0.47328975796699524, 0.13433144986629486, -0.0, 0.006239033304154873, 0.003171374322846532]","[2654, 698, 0, 24, 22]",0.4097152352333069,0.2328193485736847,0.4671505093574524,0.2352827936410904,0.3648568093776703,0.23040693998336792,0.30381059646606445,0.7890578508377075,0.0,0.0,0.0,0.0,0.0,0.0,0.0047052036970853806,0.997246503829956,"[[4323, 1431], [1376, 1223]]","[[7636, 698], [19, 0]]","[[8353, 0], [0, 0]]","[[8329, 24], [0, 0]]","[[8331, 22], [0, 0]]",videomae_random_uniform_coralcam_sliding_window_ti8,onehot,,
,100,coralcam,val_mAP,mean,random,False,videomae,False,adam,,32,mlp,0.001,5e-05,sliding_window_ti8,"{'weight_method': 'focal_loss', 'focal_loss_alpha': 0.5, 'focal_loss_gamma': 1}",fish-benchmark,ffivzxmd,coralcam,test_sliding_window_ti8,1000,jrq91pv6,0.4191128611564636,0.09564570337533951,0.4700073301792145,0.09448529779911041,0.3781636357307434,0.09683496505022049,0.12453465163707733,0.9147132635116577,"[0.47822850942611694, 0.0, 0.0, 0.0, 0.0]","[0.47242647409439087, 0.0, 0.0, 0.0, 0.0]","[0.48417481780052185, 0.0, 0.0, 0.0, 0.0]","[0.4747307598590851, 0.13432814180850983, -0.0, 0.010571258142590523, 0.0030431097839027643]","[2654, 698, 0, 24, 22]",0.4222806394100189,0.23911425471305847,0.4700073301792145,0.23621323704719543,0.38335323333740234,0.24208740890026093,0.30452945828437805,0.789536714553833,0.0,0.0,0.0,0.0,0.0,0.0,0.006807183846831322,0.997246503829956,"[[4264, 1369], [1435, 1285]]","[[7641, 698], [14, 0]]","[[8353, 0], [0, 0]]","[[8329, 24], [0, 0]]","[[8331, 22], [0, 0]]",videomae_random_focal_coralcam_sliding_window_ti8,onehot,,
,100,coralcam,val_mAP,mean,random,False,videomae,False,adam,,32,mlp,0.001,5e-05,sliding_window_ti8,{'weight_method': 'inverse'},fish-benchmark,6rwyqlwk,coralcam,test_sliding_window_ti8,1000,mfa5mzvs,0.2887726426124573,0.13976885378360748,0.19873711466789246,0.1165345162153244,0.5279576182365417,0.41603127121925354,0.12845546007156372,0.7884113788604736,"[0.43544110655784607, 0.19309069216251373, 0.0, 0.0703125, 0.0]","[0.4375951290130615, 0.10819219052791595, 0.0, 0.03688524663448334, 0.0]","[0.4333082139492035, 0.8968481421470642, 0.0, 0.75, 0.0]","[0.44024720788002014, 0.127491757273674, -0.0, 0.07143967598676682, 0.003098661545664072]","[2654, 698, 0, 24, 22]",0.30188679695129395,0.3142659068107605,0.2110767811536789,0.27289366722106934,0.5298329591751099,0.6650781631469727,0.2838694751262665,0.5083203911781311,0.054628223180770874,0.03515625,0.029363784939050674,0.01844262331724167,0.3913043439388275,0.375,0.037269167602062225,0.9627079963684082,"[[4221, 1504], [1478, 1150]]","[[2495, 72], [5160, 626]]","[[8353, 0], [0, 0]]","[[7859, 6], [470, 18]]","[[8206, 22], [125, 0]]",videomae_random_inverse_coralcam_sliding_window_ti8,onehot,,
