id,model,epochs,dataset,monitor,pooling,sampler,shuffle,backbone,fulltune,optimizer,batch_size,classifier,label_type,val_subset,train_subset,weight_decay,learning_rate,sliding_style,weight_config,freeze_backbone,training_entity,training_run_id,training_project,test_sliding_style,max_samples_per_class,run_id,f1_micro,f1_macro,precision_micro,precision_macro,recall_micro,recall_macro,acc,mAP,f1_per_class,precision_per_class,recall_per_class,positive_per_class,mAP_per_class,biting_f1_micro,biting_f1_macro,biting_precision_micro,biting_precision_macro,biting_recall_micro,biting_recall_macro,biting_acc,biting_mAP,aggression_f1_micro,aggression_f1_macro,aggression_precision_micro,aggression_precision_macro,aggression_recall_micro,aggression_recall_macro,aggression_acc,aggression_mAP,mouth not visible,feeding,charging,being charged,cturn
dinov3_attention_uniform_coralcam_frames_w_temp,,40,coralcam,val_mAP,attention,balanced,False,dinov3_large,True,adam,32,mlp,onehot,,,0.001,5e-05,frames_w_temp,weight_method='uniform',True,fish-benchmark,iuea0srn,coralcam,test_frames,1000,3hna80rk,0.999999995,0.15879586338996887,1.0,0.10508109629154205,1.0,0.337785542011261,0.9565488696098328,0.18918900191783905,"[0.4980261142930726, 0.29595317847994124, 0.0, 0.0, 0.0]","[0.3426606357097626, 0.1827448159456253, 0.0, 0.0, 0.0]","[0.911149799823761, 0.7777777910232544, 0.0, 0.0, 0.0]","[7462, 639, 0, 42, 8]","[0.5044974088668823, 0.4403989017009735, -0.0, 0.0008194337133318186, 0.00022921350318938494]",0.999999995,0.396989643573761,1.0,0.26270273327827454,1.0,0.8444638252258301,0.8935126662254333,0.4724481701850891,0.0,0.0,0.0,0.0,0.0,0.0,0.9978594779968262,0.0005243236082606018,"[[52799, 1265], [12851, 6197]]","[[70139, 226], [2334, 413]]","[[73112, 0], [0, 0]]","[[72825, 42], [245, 0]]","[[73086, 8], [18, 0]]"
dinov3_attention_focal_loss_coralcam_frames_w_temp,,40,coralcam,val_mAP,attention,balanced,False,dinov3_large,True,adam,32,mlp,onehot,,,0.001,5e-05,frames_w_temp,weight_method='focal_loss' focal_loss_gamma=5.0 focal_loss_alpha=0.75,True,fish-benchmark,64q4nfny,coralcam,test_frames,1000,dhnnuvwd,0.999999995,0.15976497530937195,1.0,0.10336371511220932,1.0,0.35365450382232666,0.9466654062271118,0.19292113184928894,"[0.44790415320489435, 0.35092069327950076, 0.0, 0.0, 0.0]","[0.2947278618812561, 0.2220907360315323, 0.0, 0.0, 0.0]","[0.9325917959213257, 0.8356807231903076, 0.0, 0.0, 0.0]","[7462, 639, 0, 42, 8]","[0.4824105501174927, 0.4808580279350281, -0.0, 0.0012367673916742206, 0.00010032069985754788]",0.999999995,0.3994124233722687,1.0,0.2584092915058136,1.0,0.8841362595558167,0.8693716526031494,0.4816342890262604,0.0,0.0,0.0,0.0,0.0,0.0,0.9972918033599854,0.000668544031213969,"[[48749, 938], [16901, 6524]]","[[70407, 170], [2066, 469]]","[[73112, 0], [0, 0]]","[[72773, 42], [297, 0]]","[[73055, 8], [49, 0]]"
dinov3_large_mean_uniform_coralcam_frames_w_temp,,40,coralcam,val_mAP,mean,balanced,False,dinov3_large,False,adam,32,mlp,onehot,,,0.001,5e-05,frames_w_temp,weight_method='uniform',False,fish-benchmark,ygxhfmcc,coralcam,test_frames,1000,ol9ptdc7,0.999999995,0.08987100422382355,1.0,0.06225255876779556,1.0,0.23234541714191437,0.924157440662384,0.06510646641254425,"[0.34926539592082384, 0.09918629154283658, 0.0, 0.0009033423826545523, 0.0]","[0.25667107105255127, 0.05413129925727844, 0.0, 0.0004604051646310836, 0.0]","[0.5463682413101196, 0.591549277305603, 0.0, 0.02380952425301075, 0.0]","[7462, 639, 0, 42, 8]","[0.25348135828971863, 0.07042446732521057, -0.0, 0.0013617376098409295, 0.0002647751825861633]",0.999999995,0.22422584891319275,1.0,0.15540118515491486,1.0,0.5689587593078613,0.8274154663085938,0.1619529128074646,0.999999995,0.0004516711924225092,1.0,0.0002302025823155418,1.0,0.011904762126505375,0.9829781651496887,0.0008132563671097159,"[[54735, 4024], [10915, 3438]]","[[61258, 308], [11215, 331]]","[[73112, 0], [0, 0]]","[[70898, 42], [2172, 0]]","[[72835, 8], [269, 0]]"
dinov3_large_mean_focal_loss_coralcam_frames_w_temp,,40,coralcam,val_mAP,mean,balanced,False,dinov3_large,False,adam,32,mlp,onehot,,,0.001,5e-05,frames_w_temp,weight_method='focal_loss' focal_loss_gamma=5.0 focal_loss_alpha=0.75,False,fish-benchmark,4e80i5tj,coralcam,test_frames,1000,lbhv0cfa,0.999999995,0.089331716299057,1.0,0.05475383996963501,1.0,0.3589267134666443,0.8648648858070374,0.09067394584417343,"[0.36861292268116624, 0.07665292270582594, 0.0, 0.0013927576686382941, 0.0]","[0.23299837112426758, 0.04005345702171326, 0.0, 0.0007173601188696921, 0.0]","[0.8819351196289062, 0.8888888955116272, 0.0, 0.02380952425301075, 0.0]","[7462, 639, 0, 42, 8]","[0.320220947265625, 0.13150285184383392, -0.0, 0.0014483412960544229, 0.0001976199564523995]",0.999999995,0.22263291478157043,1.0,0.13652591407299042,1.0,0.8854119777679443,0.6733094453811646,0.22586190700531006,0.999999995,0.0006963788182474673,1.0,0.00035868005943484604,1.0,0.011904762126505375,0.9888527393341064,0.0008229806553572416,"[[43446, 1404], [22204, 6058]]","[[46815, 107], [25658, 532]]","[[73112, 0], [0, 0]]","[[71676, 42], [1394, 0]]","[[72916, 8], [188, 0]]"
vjepa2_attention_uniform_coralcam_sliding_window_w_temp,,40,coralcam,val_mAP,attention,balanced,False,vjepa2,True,adam,32,mlp,onehot,,,0.001,5e-05,sliding_window_w_temp,weight_method='uniform',True,fish-benchmark,lirub1ix,coralcam,test_sliding_window,1000,cnhnty35,0.999999995,0.09323233366012573,1.0,0.057518620043992996,1.0,0.3344886302947998,0.9016604423522949,0.060267068445682526,"[0.36573139664103704, 0.06966106030358855, 0.0, 0.030769231919882564, 0.0]","[0.2314077466726303, 0.03657751530408859, 0.0, 0.019607843831181526, 0.0]","[0.8717501759529114, 0.729264497756958, 0.0, 0.0714285746216774, 0.0]","[7462, 639, 0, 42, 8]","[0.2721785604953766, 0.021780436858534813, -0.0, 0.007066818419843912, 0.00030952159431762993]",0.999999995,0.21769621968269348,1.0,0.13399262726306915,1.0,0.8005073070526123,0.7549444437026978,0.14697949588298798,0.999999995,0.015384616330265999,1.0,0.009803921915590763,1.0,0.0357142873108387,0.9992067217826843,0.0036881701089441776,"[[47080, 2299], [18570, 5163]]","[[55707, 318], [16766, 321]]","[[73112, 0], [0, 0]]","[[73020, 41], [50, 1]]","[[73085, 8], [19, 0]]"
vjepa2_attention_focal_loss_coralcam_sliding_window_w_temp,,40,coralcam,val_mAP,attention,balanced,False,vjepa2,True,adam,32,mlp,onehot,,,0.001,5e-05,sliding_window_w_temp,weight_method='focal_loss' focal_loss_gamma=5.0 focal_loss_alpha=0.75,True,fish-benchmark,ihrk16xa,coralcam,test_sliding_window,1000,nnjabhb4,0.999999995,0.03354836255311966,1.0,0.03198791295289993,1.0,0.2360374480485916,0.7445548176765442,0.024998150765895844,"[0.15731796482602764, 0.0087336242548876, 0.0, 0.001690225848767681, 0.0]","[0.1434687376022339, 0.015625, 0.0, 0.0008458277443423867, 0.0]","[0.17412663996219635, 0.0060606058686971664, 0.0, 1.0, 0.0]","[25648, 2310, 0, 77, 0]","[0.11254371702671051, 0.011448550038039684, -0.0, 0.000998488161712885, -0.0]",0.999999995,0.08302579820156097,1.0,0.07954686880111694,1.0,0.09009362012147903,0.9223327040672302,0.061996132135391235,0.999999995,0.0008451128960587084,1.0,0.00042291387217119336,1.0,0.5,0.43905431032180786,0.0004992440808564425,"[[219469, 23086], [17059, 2562]]","[[259425, 2303], [441, 7]]","[[262176, 0], [0, 0]]","[[162865, 0], [99234, 77]]","[[67270, 0], [194906, 0]]"
vjepa2_mean_uniform_coralcam_sliding_window_w_temp,,40,coralcam,val_mAP,mean,balanced,False,vjepa2,False,adam,32,mlp,onehot,,,0.001,5e-05,sliding_window_w_temp,weight_method='uniform',False,fish-benchmark,lbp90388,coralcam,test_sliding_window,1000,u0r08iio,0.999999995,0.15149514377117157,1.0,0.10213323682546616,1.0,0.41024741530418396,0.9161149859428406,0.14169403910636902,"[0.470950828789783, 0.09614069984891362, 0.0, 0.1353383445673702, 0.055045873531863965]","[0.343650758266449, 0.051364194601774216, 0.0, 0.0803571417927742, 0.03529411926865578]","[0.7480568289756775, 0.7496087551116943, 0.0, 0.4285714328289032, 0.125]","[7462, 639, 0, 42, 8]","[0.40590423345565796, 0.041897546499967575, -0.0, 0.25625118613243103, 0.0044172159396111965]",0.999999995,0.28354576230049133,1.0,0.19750747084617615,1.0,0.7488328218460083,0.7924690842628479,0.22390088438987732,0.999999995,0.09519211202859879,1.0,0.05782563239336014,1.0,0.2767857313156128,0.9978184103965759,0.13033419847488403,"[[54684, 2371], [10966, 5091]]","[[54183, 200], [18290, 439]]","[[73112, 0], [0, 0]]","[[72862, 26], [208, 16]]","[[73020, 7], [84, 1]]"
vjepa2_mean_focal_loss_coralcam_sliding_window_w_temp,,40,coralcam,val_mAP,mean,balanced,False,vjepa2,False,adam,32,mlp,onehot,,,0.001,5e-05,sliding_window_w_temp,weight_method='focal_loss' focal_loss_gamma=5.0 focal_loss_alpha=0.75,False,fish-benchmark,n9b89dj2,coralcam,test_sliding_window,1000,tpgcsxkm,0.999999995,0.1354680210351944,1.0,0.08503518253564835,1.0,0.448171466588974,0.8712413907051086,0.15161000192165375,"[0.40907548692191026, 0.08257792958532542, 0.0, 0.1856866515974279, 0.0]","[0.26337552070617676, 0.04328186810016632, 0.0, 0.11851851642131805, 0.0]","[0.9155722260475159, 0.8967136144638062, 0.0, 0.4285714328289032, 0.0]","[7462, 639, 0, 42, 8]","[0.4541950821876526, 0.040626853704452515, -0.0, 0.26204922795295715, 0.0011788548436015844]",0.999999995,0.24582672119140625,1.0,0.15332868695259094,1.0,0.9061429500579834,0.6796422004699707,0.24741096794605255,0.999999995,0.09284332394599915,1.0,0.05925925821065903,1.0,0.2142857164144516,0.9984612464904785,0.13161404430866241,"[[44674, 869], [20976, 6593]]","[[46004, 99], [26469, 540]]","[[73112, 0], [0, 0]]","[[72949, 28], [121, 14]]","[[73030, 8], [74, 0]]"
resnet50_attention_uniform_coralcam_frames_w_temp,,40,coralcam,val_mAP,attention,balanced,False,resnet50,True,adam,32,mlp,onehot,,,0.001,5e-05,frames_w_temp,weight_method='uniform',True,fish-benchmark,y2mhwwa2,coralcam,test_frames,1000,0hah3haa,0.999999995,0.12999901175498962,1.0,0.08882079273462296,1.0,0.24240532517433167,0.9587755799293518,0.09682144969701767,"[0.45684437690508845, 0.19315073349498246, 0.0, 0.0, 0.0]","[0.3112519681453705, 0.1328519880771637, 0.0, 0.0, 0.0]","[0.8583489656448364, 0.3536776304244995, 0.0, 0.0, 0.0]","[7462, 639, 0, 42, 8]","[0.3930760324001312, 0.09000629931688309, -0.0, 0.0008393743191845715, 0.00018555880524218082]",0.999999995,0.32499754428863525,1.0,0.2220519781112671,1.0,0.606013298034668,0.8977596163749695,0.24154116213321686,0.0,0.0,0.0,0.0,0.0,0.0,0.9991793632507324,0.0005124665331095457,"[[53077, 2207], [12573, 5255]]","[[71229, 498], [1244, 141]]","[[73112, 0], [0, 0]]","[[73008, 42], [62, 0]]","[[73096, 8], [8, 0]]"
resnet50_attention_focal_loss_coralcam_frames_w_temp,,40,coralcam,val_mAP,attention,balanced,False,resnet50,True,adam,32,mlp,onehot,,,0.001,5e-05,frames_w_temp,weight_method='focal_loss' focal_loss_gamma=5.0 focal_loss_alpha=0.75,True,fish-benchmark,994lum4t,coralcam,test_frames,1000,wd30fvef,0.999999995,0.127106711268425,1.0,0.08468671888113022,1.0,0.2569029927253723,0.9499015212059021,0.0952310860157013,"[0.4200742755389339, 0.21545930317225773, 0.0, 0.0, 0.0]","[0.27431079745292664, 0.14912280440330505, 0.0, 0.0, 0.0]","[0.8964084982872009, 0.38810640573501587, 0.0, 0.0, 0.0]","[7462, 639, 0, 42, 8]","[0.37596356868743896, 0.09939266741275787, -0.0, 0.0006423889426514506, 0.00015680209617130458]",0.999999995,0.31776678562164307,1.0,0.21171680092811584,1.0,0.6422574520111084,0.8755266070365906,0.23767811059951782,0.0,0.0,0.0,0.0,0.0,0.0,0.9992272257804871,0.00039959553396329284,"[[49463, 1776], [16187, 5686]]","[[71263, 481], [1210, 158]]","[[73112, 0], [0, 0]]","[[73010, 42], [60, 0]]","[[73101, 8], [3, 0]]"
videomae_balanced_focal_2_coralcam_sliding_window_w_temp,,40,coralcam,val_mAP,mean,balanced,False,videomae,False,adam,32,mlp,onehot,,,0.001,5e-05,sliding_window_w_temp,weight_method='focal_loss' focal_loss_gamma=5.0 focal_loss_alpha=0.75,False,fish-benchmark,dw0ayaex,coralcam,test_sliding_window,1000,w0mref94,0.999999995,0.07116710394620895,1.0,0.04059728607535362,1.0,0.4355331361293793,0.7722562551498413,0.06723306328058243,"[0.25792146184811104, 0.04921742481061495, 0.0, 0.04869664906030074, 0.0]","[0.15179121494293213, 0.025288473814725876, 0.0, 0.02590673603117466, 0.0]","[0.8574109077453613, 0.9154929518699646, 0.0, 0.4047619104385376, 0.0]","[7462, 639, 0, 42, 8]","[0.19126802682876587, 0.018585853278636932, -0.0, 0.12611162662506104, 0.00019980204524472356]",0.999999995,0.15356944501399994,1.0,0.08853984624147415,1.0,0.8864519596099854,0.4367477297782898,0.1049269437789917,0.999999995,0.024348324164748192,1.0,0.01295336801558733,1.0,0.2023809552192688,0.9938929080963135,0.06315571069717407,"[[27981, 1334], [37669, 6128]]","[[27803, 71], [44670, 568]]","[[73112, 0], [0, 0]]","[[72504, 29], [566, 13]]","[[72808, 8], [296, 0]]"
videomae_balanced_uniform_coralcam_sliding_window_w_temp,,40,coralcam,val_mAP,mean,balanced,False,videomae,False,adam,32,mlp,onehot,,,0.001,5e-05,sliding_window_w_temp,weight_method='uniform',False,fish-benchmark,y40cscqo,coralcam,test_sliding_window,1000,a6c5dc2x,0.999999995,0.061041850596666336,1.0,0.05247244983911514,1.0,0.18316705524921417,0.9576047658920288,0.06273075193166733,"[0.1960441884595686, 0.041272571253334604, 0.0, 0.06789250247889866, 0.0]","[0.18625858426094055, 0.040336135774850845, 0.0, 0.035767510533332825, 0.0]","[0.20691503584384918, 0.0422535203397274, 0.0, 0.6666666865348816, 0.0]","[7462, 639, 0, 42, 8]","[0.1670485883951187, 0.014942605048418045, -0.0, 0.13146880269050598, 0.0001937659690156579]",0.999999995,0.11865837872028351,1.0,0.11329735815525055,1.0,0.12458427995443344,0.9029844403266907,0.09099559485912323,0.999999995,0.03394624963402748,1.0,0.017883755266666412,1.0,0.3333333432674408,0.9910274744033813,0.06583128124475479,"[[59031, 6076], [6619, 1386]]","[[71306, 616], [1167, 23]]","[[73112, 0], [0, 0]]","[[72421, 20], [649, 22]]","[[72461, 8], [643, 0]]"
videomae_random_uniform_coralcam_sliding_window_w_temp,,100,coralcam,val_mAP,mean,random,False,videomae,False,adam,32,mlp,onehot,,,0.001,5e-05,sliding_window_w_temp,weight_method='uniform',False,fish-benchmark,8vzg1q8e,coralcam,test_sliding_window,1000,brcdypo8,0.999999995,0.028421675786376,1.0,0.07458791136741638,1.0,0.017555614933371544,0.9769969582557678,0.05514279007911682,"[0.14210837437114926, 0.0, 0.0, 0.0, 0.0]","[0.3729395568370819, 0.0, 0.0, 0.0, 0.0]","[0.08777807652950287, 0.0, 0.0, 0.0, 0.0]","[7462, 639, 0, 42, 8]","[0.2460426688194275, 0.021296977996826172, -0.0, 0.008256630972027779, 0.00011764332157326862]",0.999999995,0.07105419039726257,1.0,0.18646977841854095,1.0,0.043889038264751434,0.9428342580795288,0.13366982340812683,0.0,0.0,0.0,0.0,0.0,0.0,0.9996580481529236,0.004187137354165316,"[[64701, 6955], [949, 507]]","[[72473, 639], [0, 0]]","[[73112, 0], [0, 0]]","[[73070, 42], [0, 0]]","[[73104, 8], [0, 0]]"
videomae_attention_uniform_coralcam_sliding_window_w_temp,,40,coralcam,val_mAP,attention,balanced,False,videomae,True,adam,32,mlp,onehot,,,0.001,5e-05,sliding_window_w_temp,weight_method='uniform',True,fish-benchmark,hzydl27l,coralcam,test_sliding_window,1000,mttcleq3,0.999999995,0.13501183688640594,1.0,0.10408566892147064,1.0,0.3201303780078888,0.9227979183197021,0.0781610906124115,"[0.41436449675830594, 0.07648417396313116, 0.0, 0.1842105304022575, 0.0]","[0.27360740303993225, 0.040938593447208405, 0.0, 0.20588235557079315, 0.0]","[0.8533905148506165, 0.5805946588516235, 0.0, 0.1666666716337204, 0.0]","[7462, 639, 0, 42, 8]","[0.30532482266426086, 0.021537121385335922, -0.0, 0.06381585448980331, 0.00012764980783686042]",0.999999995,0.2454243302345276,1.0,0.15727299451828003,1.0,0.7169926166534424,0.8076991438865662,0.16343097388744354,0.999999995,0.09210526198148727,1.0,0.10294117778539658,1.0,0.0833333358168602,0.9992955923080444,0.031971752643585205,"[[50079, 2065], [15571, 5397]]","[[60708, 386], [11765, 253]]","[[73112, 0], [0, 0]]","[[73042, 36], [28, 6]]","[[73071, 8], [33, 0]]"
videomae_attention_focal_loss_coralcam_sliding_window_w_temp,,40,coralcam,val_mAP,attention,balanced,False,videomae,True,adam,32,mlp,onehot,,,0.001,5e-05,sliding_window_w_temp,weight_method='focal_loss' focal_loss_gamma=5.0 focal_loss_alpha=0.75,True,fish-benchmark,4pemw92t,coralcam,test_sliding_window,1000,sklogvql,0.999999995,0.09874667227268219,1.0,0.061814457178115845,1.0,0.30031853914260864,0.9151986241340637,0.07129164040088654,"[0.4042449779242363, 0.08948835557398346, 0.0, 0.0, 0.0]","[0.26073867082595825, 0.04833361133933067, 0.0, 0.0, 0.0]","[0.8990887403488159, 0.6025038957595825, 0.0, 0.0, 0.0]","[7462, 639, 0, 42, 8]","[0.32477664947509766, 0.02739090286195278, -0.0, 0.0037216537166386843, 0.0005690012476406991]",0.999999995,0.24686667323112488,1.0,0.1545361429452896,1.0,0.7507963180541992,0.7886735200881958,0.1760837733745575,0.0,0.0,0.0,0.0,0.0,0.0,0.9993229508399963,0.0021453273948282003,"[[46836, 1366], [18814, 6096]]","[[60706, 344], [11767, 295]]","[[73112, 0], [0, 0]]","[[73031, 42], [39, 0]]","[[73094, 8], [10, 0]]"
resnet_uniform_coralcam_frames_w_temp_False,,40,coralcam,val_mAP,mean,balanced,False,resnet50,False,adam,32,mlp,onehot,,,0.001,5e-05,frames_w_temp,weight_method='uniform',False,fish-benchmark,5guktkor,coralcam,test_frames,1000,8l24kfrs,0.999999995,0.09422340244054794,1.0,0.06333998590707779,1.0,0.24598641693592072,0.9300908446311951,0.06440431624650955,"[0.3754701365878142, 0.0956468985915884, 0.0, 0.0, 0.0]","[0.2646087408065796, 0.05209118127822876, 0.0, 0.0, 0.0]","[0.6462074518203735, 0.5837245583534241, 0.0, 0.0, 0.0]","[7462, 639, 0, 42, 8]","[0.26908016204833984, 0.04980756714940071, -0.0, 0.002321745967492461, 0.0008120860438793898]",0.999999995,0.23555850982666016,1.0,0.15834996104240417,1.0,0.6149660348892212,0.8321273922920227,0.15944387018680573,0.0,0.0,0.0,0.0,0.0,0.0,0.9930996298789978,0.0015669160056859255,"[[53833, 3535], [11817, 3927]]","[[62172, 324], [10301, 315]]","[[73112, 0], [0, 0]]","[[72172, 42], [898, 0]]","[[73043, 8], [61, 0]]"
resnet_random_uniform_coralcam_frames_w_temp_False,,100,coralcam,val_mAP,mean,random,False,resnet50,False,adam,32,mlp,onehot,,,0.001,5e-05,frames_w_temp,weight_method='uniform',False,fish-benchmark,gktcbpwk,coralcam,test_frames,1000,hbj82ccc,0.999999995,0.07510795444250107,1.0,0.08849824219942093,1.0,0.06523720175027847,0.9782881140708923,0.07443080097436905,"[0.37553978545334904, 0.0, 0.0, 0.0, 0.0]","[0.44249120354652405, 0.0, 0.0, 0.0, 0.0]","[0.32618600130081177, 0.0, 0.0, 0.0, 0.0]","[7462, 639, 0, 42, 8]","[0.3435961604118347, 0.028136560693383217, -0.0, 0.00035518911317922175, 6.610812124563381e-05]",0.999999995,0.18776988983154297,1.0,0.22124560177326202,1.0,0.16309300065040588,0.9460622072219849,0.1858663558959961,0.0,0.0,0.0,0.0,0.0,0.0,0.9996580481529236,0.0002106486208504066,"[[63363, 5767], [2287, 1695]]","[[72473, 639], [0, 0]]","[[73112, 0], [0, 0]]","[[73070, 42], [0, 0]]","[[73104, 8], [0, 0]]"
resnet_balanced_focal_coralcam_frames_w_temp_False,,40,coralcam,val_mAP,mean,balanced,False,resnet50,False,adam,32,mlp,onehot,,,0.001,5e-05,frames_w_temp,weight_method='focal_loss' focal_loss_gamma=5.0 focal_loss_alpha=0.75,False,fish-benchmark,ce3ukiml,coralcam,test_frames,1000,nlek5o6r,0.999999995,0.08602575212717056,1.0,0.05194596201181412,1.0,0.33950528502464294,0.8802495002746582,0.07262685149908066,"[0.3504445579165207, 0.07968418302379608, 0.0, 0.0, 0.0]","[0.21780289709568024, 0.041926898062229156, 0.0, 0.0, 0.0]","[0.8962744474411011, 0.8012519478797913, 0.0, 0.0, 0.0]","[7462, 639, 0, 42, 8]","[0.2946735620498657, 0.06564298272132874, -0.0, 0.0024903726298362017, 0.00032734445994719863]",0.999999995,0.2150643765926361,1.0,0.129864901304245,1.0,0.8487632274627686,0.7059374451637268,0.18015827238559723,0.0,0.0,0.0,0.0,0.0,0.0,0.9946862459182739,0.0014088585739955306,"[[41830, 1388], [23820, 6074]]","[[53390, 188], [19083, 451]]","[[73112, 0], [0, 0]]","[[72387, 42], [683, 0]]","[[73060, 8], [44, 0]]"
